Date,Start (ET),WTeam,LTeam,WLoc
Wed Oct 17 2018,7:00p,Milwaukee Bucks,Charlotte Hornets,V
Wed Oct 17 2018,8:00p,New Orleans Pelicans,Houston Rockets,V
Wed Oct 17 2018,10:00p,Utah Jazz,Sacramento Kings,V
Wed Oct 17 2018,10:30p,Denver Nuggets,Los Angeles Clippers,V
Thu Oct 18 2018,8:00p,Miami Heat,Washington Wizards,V
Fri Oct 19 2018,7:00p,Charlotte Hornets,Orlando Magic,V
Fri Oct 19 2018,10:30p,Golden State Warriors,Utah Jazz,V
Sat Oct 20 2018,7:00p,Toronto Raptors,Washington Wizards,V
Sat Oct 20 2018,7:30p,Boston Celtics,New York Knicks,V
Sat Oct 20 2018,8:00p,Detroit Pistons,Chicago Bulls,V
Sat Oct 20 2018,8:00p,Charlotte Hornets,Miami Heat,V
Sat Oct 20 2018,10:30p,Houston Rockets,Los Angeles Lakers,V
Sun Oct 21 2018,6:00p,Atlanta Hawks,Cleveland Cavaliers,V
Sun Oct 21 2018,7:00p,Sacramento Kings,Oklahoma City Thunder,V
Mon Oct 22 2018,7:30p,Orlando Magic,Boston Celtics,V
Mon Oct 22 2018,9:00p,Memphis Grizzlies,Utah Jazz,V
Mon Oct 22 2018,10:00p,Washington Wizards,Portland Trail Blazers,V
Mon Oct 22 2018,10:30p,San Antonio Spurs,Los Angeles Lakers,V
Wed Oct 24 2018,7:00p,Brooklyn Nets,Cleveland Cavaliers,V
Wed Oct 24 2018,8:00p,Utah Jazz,Houston Rockets,V
Wed Oct 24 2018,8:30p,Indiana Pacers,San Antonio Spurs,V
Wed Oct 24 2018,10:00p,Los Angeles Lakers,Phoenix Suns,V
Thu Oct 25 2018,7:00p,Portland Trail Blazers,Orlando Magic,V
Thu Oct 25 2018,8:00p,Boston Celtics,Oklahoma City Thunder,V
Fri Oct 26 2018,7:30p,Golden State Warriors,New York Knicks,V
Fri Oct 26 2018,8:00p,Los Angeles Clippers,Houston Rockets,V
Fri Oct 26 2018,8:00p,Milwaukee Bucks,Minnesota Timberwolves,V
Sat Oct 27 2018,7:00p,Boston Celtics,Detroit Pistons,V
Sat Oct 27 2018,7:00p,Utah Jazz,New Orleans Pelicans,V
Sat Oct 27 2018,7:30p,Chicago Bulls,Atlanta Hawks,V
Sat Oct 27 2018,7:30p,Indiana Pacers,Cleveland Cavaliers,V
Sun Oct 28 2018,5:00p,Golden State Warriors,Brooklyn Nets,V
Sun Oct 28 2018,7:00p,Utah Jazz,Dallas Mavericks,V
Mon Oct 29 2018,7:00p,Portland Trail Blazers,Indiana Pacers,V
Mon Oct 29 2018,7:30p,Sacramento Kings,Miami Heat,V
Mon Oct 29 2018,8:00p,Golden State Warriors,Chicago Bulls,V
Tue Oct 30 2018,7:00p,Sacramento Kings,Orlando Magic,V
Tue Oct 30 2018,8:00p,Portland Trail Blazers,Houston Rockets,V
Wed Oct 31 2018,8:00p,Denver Nuggets,Chicago Bulls,V
Wed Oct 31 2018,8:00p,Indiana Pacers,New York Knicks,V
Wed Oct 31 2018,10:30p,San Antonio Spurs,Phoenix Suns,V
Thu Nov 1 2018,7:00p,Oklahoma City Thunder,Charlotte Hornets,V
Thu Nov 1 2018,7:00p,Denver Nuggets,Cleveland Cavaliers,V
Thu Nov 1 2018,7:30p,Sacramento Kings,Atlanta Hawks,V
Fri Nov 2 2018,7:00p,Los Angeles Clippers,Orlando Magic,V
Fri Nov 2 2018,7:30p,Houston Rockets,Brooklyn Nets,V
Fri Nov 2 2018,8:00p,Indiana Pacers,Chicago Bulls,V
Fri Nov 2 2018,8:00p,Oklahoma City Thunder,Washington Wizards,V
Fri Nov 2 2018,8:30p,New York Knicks,Dallas Mavericks,V
Fri Nov 2 2018,9:00p,Memphis Grizzlies,Utah Jazz,V
Fri Nov 2 2018,10:00p,Toronto Raptors,Phoenix Suns,V
Sat Nov 3 2018,8:00p,Houston Rockets,Chicago Bulls,V
Sat Nov 3 2018,10:00p,Los Angeles Lakers,Portland Trail Blazers,V
Sun Nov 4 2018,7:00p,Orlando Magic,San Antonio Spurs,V
Sun Nov 4 2018,9:30p,Toronto Raptors,Los Angeles Lakers,V
Mon Nov 5 2018,7:00p,Miami Heat,Detroit Pistons,V
Mon Nov 5 2018,7:00p,Houston Rockets,Indiana Pacers,V
Mon Nov 5 2018,7:30p,Chicago Bulls,New York Knicks,V
Mon Nov 5 2018,9:00p,Toronto Raptors,Utah Jazz,V
Tue Nov 6 2018,9:00p,Brooklyn Nets,Phoenix Suns,V
Wed Nov 7 2018,7:00p,Oklahoma City Thunder,Cleveland Cavaliers,V
Wed Nov 7 2018,7:00p,Detroit Pistons,Orlando Magic,V
Wed Nov 7 2018,7:30p,New York Knicks,Atlanta Hawks,V
Wed Nov 7 2018,8:00p,Philadelphia 76ers,Indiana Pacers,V
Wed Nov 7 2018,10:00p,Toronto Raptors,Sacramento Kings,V
Thu Nov 8 2018,9:00p,Boston Celtics,Phoenix Suns,V
Thu Nov 8 2018,10:30p,Milwaukee Bucks,Golden State Warriors,V
Fri Nov 9 2018,7:30p,Detroit Pistons,Atlanta Hawks,V
Fri Nov 9 2018,8:00p,Indiana Pacers,Miami Heat,V
Fri Nov 9 2018,9:00p,Brooklyn Nets,Denver Nuggets,V
Sat Nov 10 2018,8:00p,Washington Wizards,Miami Heat,V
Sat Nov 10 2018,10:00p,Los Angeles Lakers,Sacramento Kings,V
Sun Nov 11 2018,3:30p,Charlotte Hornets,Detroit Pistons,V
Sun Nov 11 2018,7:30p,Orlando Magic,New York Knicks,V
Sun Nov 11 2018,8:00p,Milwaukee Bucks,Denver Nuggets,V
Mon Nov 12 2018,7:30p,Philadelphia 76ers,Miami Heat,V
Mon Nov 12 2018,7:30p,New Orleans Pelicans,Toronto Raptors,V
Mon Nov 12 2018,8:00p,Dallas Mavericks,Chicago Bulls,V
Mon Nov 12 2018,8:00p,Utah Jazz,Memphis Grizzlies,V
Tue Nov 13 2018,9:00p,Houston Rockets,Denver Nuggets,V
Wed Nov 14 2018,7:30p,Miami Heat,Brooklyn Nets,V
Wed Nov 14 2018,7:30p,Detroit Pistons,Toronto Raptors,V
Wed Nov 14 2018,8:00p,Memphis Grizzlies,Milwaukee Bucks,V
Fri Nov 16 2018,7:00p,Brooklyn Nets,Washington Wizards,V
Sat Nov 17 2018,6:00p,Los Angeles Clippers,Brooklyn Nets,V
Sat Nov 17 2018,7:00p,Philadelphia 76ers,Charlotte Hornets,V
Sat Nov 17 2018,7:30p,Utah Jazz,Boston Celtics,V
Sat Nov 17 2018,8:00p,Toronto Raptors,Chicago Bulls,V
Sat Nov 17 2018,9:00p,Oklahoma City Thunder,Phoenix Suns,V
Sun Nov 18 2018,3:30p,Memphis Grizzlies,Minnesota Timberwolves,V
Sun Nov 18 2018,6:00p,Los Angeles Lakers,Miami Heat,V
Sun Nov 18 2018,6:00p,Portland Trail Blazers,Washington Wizards,V
Mon Nov 19 2018,7:30p,Los Angeles Clippers,Atlanta Hawks,V
Tue Nov 20 2018,7:00p,Toronto Raptors,Orlando Magic,V
Tue Nov 20 2018,7:30p,Brooklyn Nets,Miami Heat,V
Tue Nov 20 2018,7:30p,Portland Trail Blazers,New York Knicks,V
Wed Nov 21 2018,7:30p,Toronto Raptors,Atlanta Hawks,V
Wed Nov 21 2018,7:30p,New York Knicks,Boston Celtics,V
Wed Nov 21 2018,8:00p,Los Angeles Lakers,Cleveland Cavaliers,V
Wed Nov 21 2018,8:00p,Denver Nuggets,Minnesota Timberwolves,V
Wed Nov 21 2018,8:30p,Memphis Grizzlies,San Antonio Spurs,V
Wed Nov 21 2018,9:00p,Sacramento Kings,Utah Jazz,V
Wed Nov 21 2018,10:30p,Oklahoma City Thunder,Golden State Warriors,V
Fri Nov 23 2018,12:00p,Minnesota Timberwolves,Brooklyn Nets,V
Fri Nov 23 2018,7:30p,Boston Celtics,Atlanta Hawks,V
Fri Nov 23 2018,7:30p,Cleveland Cavaliers,Philadelphia 76ers,V
Fri Nov 23 2018,8:00p,Miami Heat,Chicago Bulls,V
Fri Nov 23 2018,8:00p,San Antonio Spurs,Indiana Pacers,V
Fri Nov 23 2018,8:30p,Phoenix Suns,Milwaukee Bucks,V
Sat Nov 24 2018,8:00p,Denver Nuggets,Oklahoma City Thunder,V
Sun Nov 25 2018,3:30p,Orlando Magic,Los Angeles Lakers,V
Sun Nov 25 2018,6:00p,Philadelphia 76ers,Brooklyn Nets,V
Sun Nov 25 2018,6:00p,New York Knicks,Memphis Grizzlies,V
Sun Nov 25 2018,8:00p,Utah Jazz,Sacramento Kings,V
Sun Nov 25 2018,9:00p,Los Angeles Clippers,Portland Trail Blazers,V
Mon Nov 26 2018,7:00p,Minnesota Timberwolves,Cleveland Cavaliers,V
Mon Nov 26 2018,8:00p,San Antonio Spurs,Chicago Bulls,V
Mon Nov 26 2018,8:00p,Boston Celtics,New Orleans Pelicans,V
Mon Nov 26 2018,9:00p,Indiana Pacers,Utah Jazz,V
Tue Nov 27 2018,7:30p,Atlanta Hawks,Miami Heat,V
Tue Nov 27 2018,8:00p,Toronto Raptors,Memphis Grizzlies,V
Tue Nov 27 2018,9:00p,Indiana Pacers,Phoenix Suns,V
Wed Nov 28 2018,7:30p,Utah Jazz,Brooklyn Nets,V
Wed Nov 28 2018,8:00p,Dallas Mavericks,Houston Rockets,V
Thu Nov 29 2018,10:30p,Los Angeles Clippers,Sacramento Kings,V
Fri Nov 30 2018,7:00p,Utah Jazz,Charlotte Hornets,V
Fri Nov 30 2018,7:30p,Memphis Grizzlies,Brooklyn Nets,V
Fri Nov 30 2018,8:00p,Houston Rockets,San Antonio Spurs,V
Fri Nov 30 2018,9:00p,Orlando Magic,Phoenix Suns,V
Fri Nov 30 2018,10:30p,Denver Nuggets,Portland Trail Blazers,V
Sat Dec 1 2018,8:00p,Toronto Raptors,Cleveland Cavaliers,V
Sat Dec 1 2018,8:00p,Boston Celtics,Minnesota Timberwolves,V
Sun Dec 2 2018,5:00p,New Orleans Pelicans,Charlotte Hornets,V
Mon Dec 3 2018,7:00p,Oklahoma City Thunder,Detroit Pistons,V
Mon Dec 3 2018,7:30p,Golden State Warriors,Atlanta Hawks,V
Mon Dec 3 2018,7:30p,Cleveland Cavaliers,Brooklyn Nets,V
Mon Dec 3 2018,7:30p,Washington Wizards,New York Knicks,V
Mon Dec 3 2018,7:30p,Denver Nuggets,Toronto Raptors,V
Mon Dec 3 2018,8:00p,Los Angeles Clippers,New Orleans Pelicans,V
Tue Dec 4 2018,7:30p,Orlando Magic,Miami Heat,V
Tue Dec 4 2018,9:00p,Sacramento Kings,Phoenix Suns,V
Wed Dec 5 2018,7:00p,Golden State Warriors,Cleveland Cavaliers,V
Wed Dec 5 2018,7:00p,Denver Nuggets,Orlando Magic,V
Wed Dec 5 2018,7:30p,Washington Wizards,Atlanta Hawks,V
Wed Dec 5 2018,7:30p,Oklahoma City Thunder,Brooklyn Nets,V
Fri Dec 7 2018,7:00p,Philadelphia 76ers,Detroit Pistons,V
Fri Dec 7 2018,7:00p,Indiana Pacers,Orlando Magic,V
Fri Dec 7 2018,7:30p,Sacramento Kings,Cleveland Cavaliers,V
Fri Dec 7 2018,8:00p,Memphis Grizzlies,New Orleans Pelicans,V
Fri Dec 7 2018,9:00p,Miami Heat,Phoenix Suns,V
Fri Dec 7 2018,9:30p,Golden State Warriors,Milwaukee Bucks,V
Sat Dec 8 2018,7:30p,Brooklyn Nets,New York Knicks,V
Sat Dec 8 2018,8:00p,Boston Celtics,Chicago Bulls,V
Sat Dec 8 2018,8:00p,Los Angeles Lakers,Memphis Grizzlies,V
Sat Dec 8 2018,10:30p,Miami Heat,Los Angeles Clippers,V
Sun Dec 9 2018,3:30p,New Orleans Pelicans,Detroit Pistons,V
Sun Dec 9 2018,6:00p,Milwaukee Bucks,Toronto Raptors,V
Sun Dec 9 2018,7:30p,Charlotte Hornets,New York Knicks,V
Mon Dec 10 2018,8:00p,Sacramento Kings,Chicago Bulls,V
Mon Dec 10 2018,9:00p,Los Angeles Clippers,Phoenix Suns,V
Tue Dec 11 2018,10:30p,Toronto Raptors,Los Angeles Clippers,V
Wed Dec 12 2018,7:00p,Brooklyn Nets,Philadelphia 76ers,V
Wed Dec 12 2018,7:00p,Boston Celtics,Washington Wizards,V
Wed Dec 12 2018,10:30p,Toronto Raptors,Golden State Warriors,V
Fri Dec 14 2018,7:00p,New York Knicks,Charlotte Hornets,V
Fri Dec 14 2018,7:30p,Milwaukee Bucks,Cleveland Cavaliers,V
Fri Dec 14 2018,7:30p,Indiana Pacers,Philadelphia 76ers,V
Fri Dec 14 2018,8:00p,Miami Heat,Memphis Grizzlies,V
Fri Dec 14 2018,10:00p,Golden State Warriors,Sacramento Kings,V
Sat Dec 15 2018,7:00p,Los Angeles Lakers,Charlotte Hornets,V
Sat Dec 15 2018,8:00p,Houston Rockets,Memphis Grizzlies,V
Sat Dec 15 2018,8:30p,Chicago Bulls,San Antonio Spurs,V
Sun Dec 16 2018,3:30p,Philadelphia 76ers,Cleveland Cavaliers,V
Sun Dec 16 2018,7:00p,Sacramento Kings,Dallas Mavericks,V
Sun Dec 16 2018,7:00p,Miami Heat,New Orleans Pelicans,V
Mon Dec 17 2018,7:00p,Milwaukee Bucks,Detroit Pistons,V
Mon Dec 17 2018,7:30p,Phoenix Suns,New York Knicks,V
Mon Dec 17 2018,10:30p,Portland Trail Blazers,Los Angeles Clippers,V
Tue Dec 18 2018,7:00p,Cleveland Cavaliers,Indiana Pacers,V
Wed Dec 19 2018,7:00p,San Antonio Spurs,Orlando Magic,V
Wed Dec 19 2018,7:30p,Phoenix Suns,Boston Celtics,V
Wed Dec 19 2018,8:00p,Brooklyn Nets,Chicago Bulls,V
Wed Dec 19 2018,8:00p,Detroit Pistons,Minnesota Timberwolves,V
Wed Dec 19 2018,10:00p,Oklahoma City Thunder,Sacramento Kings,V
Fri Dec 21 2018,7:30p,Indiana Pacers,Brooklyn Nets,V
Fri Dec 21 2018,7:30p,Atlanta Hawks,New York Knicks,V
Fri Dec 21 2018,8:00p,Milwaukee Bucks,Boston Celtics,V
Fri Dec 21 2018,10:00p,Utah Jazz,Portland Trail Blazers,V
Sat Dec 22 2018,9:00p,Oklahoma City Thunder,Utah Jazz,V
Sun Dec 23 2018,4:00p,Atlanta Hawks,Detroit Pistons,V
Sun Dec 23 2018,6:00p,Chicago Bulls,Cleveland Cavaliers,V
Sun Dec 23 2018,6:00p,Miami Heat,Orlando Magic,V
Sun Dec 23 2018,8:00p,Minnesota Timberwolves,Oklahoma City Thunder,V
Sun Dec 23 2018,9:30p,Memphis Grizzlies,Los Angeles Lakers,V
Tue Dec 25 2018,12:00p,Milwaukee Bucks,New York Knicks,V
Tue Dec 25 2018,8:00p,Los Angeles Lakers,Golden State Warriors,V
Wed Dec 26 2018,7:00p,Phoenix Suns,Orlando Magic,V
Wed Dec 26 2018,7:30p,Indiana Pacers,Atlanta Hawks,V
Wed Dec 26 2018,7:30p,Toronto Raptors,Miami Heat,V
Wed Dec 26 2018,8:00p,Minnesota Timberwolves,Chicago Bulls,V
Thu Dec 27 2018,10:30p,Portland Trail Blazers,Golden State Warriors,V
Thu Dec 27 2018,10:30p,Philadelphia 76ers,Utah Jazz,V
Fri Dec 28 2018,7:00p,Chicago Bulls,Washington Wizards,V
Fri Dec 28 2018,8:00p,Atlanta Hawks,Minnesota Timberwolves,V
Fri Dec 28 2018,9:00p,Oklahoma City Thunder,Phoenix Suns,V
Fri Dec 28 2018,10:30p,Los Angeles Clippers,Los Angeles Lakers,V
Sat Dec 29 2018,7:00p,Houston Rockets,New Orleans Pelicans,V
Sat Dec 29 2018,8:00p,Boston Celtics,Memphis Grizzlies,V
Sat Dec 29 2018,9:00p,Denver Nuggets,Phoenix Suns,V
Sat Dec 29 2018,10:00p,Golden State Warriors,Portland Trail Blazers,V
Sat Dec 29 2018,10:30p,San Antonio Spurs,Los Angeles Clippers,V
Sun Dec 30 2018,6:00p,Minnesota Timberwolves,Miami Heat,V
Mon Dec 31 2018,9:00p,Golden State Warriors,Phoenix Suns,V
Tue Jan 1 2019,9:00p,Portland Trail Blazers,Sacramento Kings,V
Tue Jan 1 2019,10:30p,Philadelphia 76ers,Los Angeles Clippers,V
Wed Jan 2 2019,7:00p,Dallas Mavericks,Charlotte Hornets,V
Wed Jan 2 2019,7:00p,Miami Heat,Cleveland Cavaliers,V
Wed Jan 2 2019,8:00p,Orlando Magic,Chicago Bulls,V
Wed Jan 2 2019,8:00p,Detroit Pistons,Memphis Grizzlies,V
Wed Jan 2 2019,9:00p,Philadelphia 76ers,Phoenix Suns,V
Wed Jan 2 2019,10:30p,Oklahoma City Thunder,Los Angeles Lakers,V
Thu Jan 3 2019,10:00p,Denver Nuggets,Sacramento Kings,V
Thu Jan 3 2019,10:30p,Houston Rockets,Golden State Warriors,V
Fri Jan 4 2019,7:30p,Utah Jazz,Cleveland Cavaliers,V
Fri Jan 4 2019,8:00p,Indiana Pacers,Chicago Bulls,V
Fri Jan 4 2019,8:00p,Brooklyn Nets,Memphis Grizzlies,V
Fri Jan 4 2019,9:00p,Los Angeles Clippers,Phoenix Suns,V
Fri Jan 4 2019,10:30p,New York Knicks,Los Angeles Lakers,V
Fri Jan 4 2019,10:30p,Oklahoma City Thunder,Portland Trail Blazers,V
Sat Jan 5 2019,7:00p,Utah Jazz,Detroit Pistons,V
Sat Jan 5 2019,8:00p,New Orleans Pelicans,Cleveland Cavaliers,V
Sat Jan 5 2019,8:30p,Toronto Raptors,Milwaukee Bucks,V
Sat Jan 5 2019,10:00p,Golden State Warriors,Sacramento Kings,V
Sun Jan 6 2019,3:30p,Brooklyn Nets,Chicago Bulls,V
Sun Jan 6 2019,7:00p,Washington Wizards,Oklahoma City Thunder,V
Sun Jan 6 2019,8:00p,Charlotte Hornets,Phoenix Suns,V
Mon Jan 7 2019,7:00p,San Antonio Spurs,Detroit Pistons,V
Mon Jan 7 2019,8:30p,Los Angeles Lakers,Dallas Mavericks,V
Tue Jan 8 2019,7:00p,Indiana Pacers,Cleveland Cavaliers,V
Tue Jan 8 2019,7:30p,Denver Nuggets,Miami Heat,V
Tue Jan 8 2019,8:00p,Minnesota Timberwolves,Oklahoma City Thunder,V
Wed Jan 9 2019,8:00p,Milwaukee Bucks,Houston Rockets,V
Fri Jan 11 2019,7:00p,Atlanta Hawks,Philadelphia 76ers,V
Fri Jan 11 2019,7:30p,Indiana Pacers,New York Knicks,V
Fri Jan 11 2019,8:00p,Dallas Mavericks,Minnesota Timberwolves,V
Sat Jan 12 2019,3:30p,Detroit Pistons,Los Angeles Clippers,V
Sun Jan 13 2019,1:00p,Philadelphia 76ers,New York Knicks,V
Sun Jan 13 2019,1:00p,Toronto Raptors,Washington Wizards,V
Sun Jan 13 2019,3:30p,Milwaukee Bucks,Atlanta Hawks,V
Sun Jan 13 2019,7:00p,Golden State Warriors,Dallas Mavericks,V
Sun Jan 13 2019,9:30p,Cleveland Cavaliers,Los Angeles Lakers,V
Mon Jan 14 2019,8:30p,Charlotte Hornets,San Antonio Spurs,V
Mon Jan 14 2019,10:30p,New Orleans Pelicans,Los Angeles Clippers,V
Tue Jan 15 2019,9:00p,Golden State Warriors,Denver Nuggets,V
Wed Jan 16 2019,8:00p,Brooklyn Nets,Houston Rockets,V
Wed Jan 16 2019,8:00p,Milwaukee Bucks,Memphis Grizzlies,V
Wed Jan 16 2019,8:30p,San Antonio Spurs,Dallas Mavericks,V
Wed Jan 16 2019,10:30p,Utah Jazz,Los Angeles Clippers,V
Thu Jan 17 2019,7:00p,Philadelphia 76ers,Indiana Pacers,V
Thu Jan 17 2019,9:30p,Los Angeles Lakers,Oklahoma City Thunder,V
Fri Jan 18 2019,7:00p,Brooklyn Nets,Orlando Magic,V
Fri Jan 18 2019,8:00p,San Antonio Spurs,Minnesota Timberwolves,V
Fri Jan 18 2019,10:30p,Golden State Warriors,Los Angeles Clippers,V
Sat Jan 19 2019,3:30p,Oklahoma City Thunder,Philadelphia 76ers,V
Sat Jan 19 2019,7:00p,Sacramento Kings,Detroit Pistons,V
Sat Jan 19 2019,7:00p,Milwaukee Bucks,Orlando Magic,V
Sat Jan 19 2019,7:30p,Boston Celtics,Atlanta Hawks,V
Sat Jan 19 2019,8:00p,Miami Heat,Chicago Bulls,V
Sun Jan 20 2019,7:00p,Los Angeles Clippers,San Antonio Spurs,V
Mon Jan 21 2019,12:30p,Oklahoma City Thunder,New York Knicks,V
Mon Jan 21 2019,1:00p,Chicago Bulls,Cleveland Cavaliers,V
Mon Jan 21 2019,3:00p,Orlando Magic,Atlanta Hawks,V
Mon Jan 21 2019,5:30p,New Orleans Pelicans,Memphis Grizzlies,V
Mon Jan 21 2019,9:00p,Portland Trail Blazers,Utah Jazz,V
Mon Jan 21 2019,10:30p,Golden State Warriors,Los Angeles Lakers,V
Tue Jan 22 2019,9:00p,Minnesota Timberwolves,Phoenix Suns,V
Wed Jan 23 2019,7:30p,Los Angeles Clippers,Miami Heat,V
Wed Jan 23 2019,7:30p,Houston Rockets,New York Knicks,V
Wed Jan 23 2019,8:00p,Atlanta Hawks,Chicago Bulls,V
Wed Jan 23 2019,8:00p,Charlotte Hornets,Memphis Grizzlies,V
Wed Jan 23 2019,8:00p,Detroit Pistons,New Orleans Pelicans,V
Thu Jan 24 2019,8:00p,Golden State Warriors,Washington Wizards,V
Thu Jan 24 2019,9:00p,Portland Trail Blazers,Phoenix Suns,V
Thu Jan 24 2019,10:30p,Minnesota Timberwolves,Los Angeles Lakers,V
Fri Jan 25 2019,7:00p,Washington Wizards,Orlando Magic,V
Fri Jan 25 2019,7:30p,Miami Heat,Cleveland Cavaliers,V
Fri Jan 25 2019,8:00p,Los Angeles Clippers,Chicago Bulls,V
Fri Jan 25 2019,8:00p,Sacramento Kings,Memphis Grizzlies,V
Sat Jan 26 2019,6:00p,San Antonio Spurs,New Orleans Pelicans,V
Sat Jan 26 2019,8:30p,Golden State Warriors,Boston Celtics,V
Sun Jan 27 2019,3:30p,Cleveland Cavaliers,Chicago Bulls,V
Sun Jan 27 2019,7:00p,Toronto Raptors,Dallas Mavericks,V
Sun Jan 27 2019,7:00p,Utah Jazz,Minnesota Timberwolves,V
Sun Jan 27 2019,7:30p,Miami Heat,New York Knicks,V
Mon Jan 28 2019,7:00p,Golden State Warriors,Indiana Pacers,V
Mon Jan 28 2019,8:00p,Denver Nuggets,Memphis Grizzlies,V
Mon Jan 28 2019,10:30p,Atlanta Hawks,Los Angeles Clippers,V
Tue Jan 29 2019,7:00p,Milwaukee Bucks,Detroit Pistons,V
Tue Jan 29 2019,7:00p,Oklahoma City Thunder,Orlando Magic,V
Tue Jan 29 2019,8:00p,New Orleans Pelicans,Houston Rockets,V
Tue Jan 29 2019,10:30p,Philadelphia 76ers,Los Angeles Lakers,V
Wed Jan 30 2019,7:30p,Chicago Bulls,Miami Heat,V
Wed Jan 30 2019,7:30p,Dallas Mavericks,New York Knicks,V
Wed Jan 30 2019,8:00p,Denver Nuggets,New Orleans Pelicans,V
Thu Jan 31 2019,8:00p,Milwaukee Bucks,Toronto Raptors,V
Thu Jan 31 2019,10:30p,Philadelphia 76ers,Golden State Warriors,V
Thu Jan 31 2019,10:30p,Los Angeles Lakers,Los Angeles Clippers,V
Fri Feb 1 2019,7:30p,Boston Celtics,New York Knicks,V
Fri Feb 1 2019,8:00p,Oklahoma City Thunder,Miami Heat,V
Sat Feb 2 2019,5:00p,Los Angeles Clippers,Detroit Pistons,V
Sat Feb 2 2019,7:00p,Milwaukee Bucks,Washington Wizards,V
Sat Feb 2 2019,7:30p,Dallas Mavericks,Cleveland Cavaliers,V
Sat Feb 2 2019,7:30p,Indiana Pacers,Miami Heat,V
Sat Feb 2 2019,9:00p,Denver Nuggets,Minnesota Timberwolves,V
Sat Feb 2 2019,9:00p,Atlanta Hawks,Phoenix Suns,V
Sat Feb 2 2019,9:00p,Houston Rockets,Utah Jazz,V
Sun Feb 3 2019,1:00p,Memphis Grizzlies,New York Knicks,V
Mon Feb 4 2019,7:00p,Atlanta Hawks,Washington Wizards,V
Mon Feb 4 2019,7:30p,Milwaukee Bucks,Brooklyn Nets,V
Mon Feb 4 2019,8:00p,Indiana Pacers,New Orleans Pelicans,V
Mon Feb 4 2019,9:00p,Houston Rockets,Phoenix Suns,V
Tue Feb 5 2019,7:00p,Los Angeles Clippers,Charlotte Hornets,V
Tue Feb 5 2019,7:00p,Boston Celtics,Cleveland Cavaliers,V
Tue Feb 5 2019,7:30p,Detroit Pistons,New York Knicks,V
Tue Feb 5 2019,8:00p,Toronto Raptors,Philadelphia 76ers,V
Tue Feb 5 2019,10:30p,Miami Heat,Portland Trail Blazers,V
Wed Feb 6 2019,8:00p,New Orleans Pelicans,Chicago Bulls,V
Wed Feb 6 2019,10:00p,Houston Rockets,Sacramento Kings,V
Thu Feb 7 2019,7:30p,Toronto Raptors,Atlanta Hawks,V
Thu Feb 7 2019,8:00p,Los Angeles Lakers,Boston Celtics,V
Fri Feb 8 2019,7:30p,Chicago Bulls,Brooklyn Nets,V
Fri Feb 8 2019,8:30p,Milwaukee Bucks,Dallas Mavericks,V
Fri Feb 8 2019,9:00p,Golden State Warriors,Phoenix Suns,V
Sat Feb 9 2019,7:30p,Charlotte Hornets,Atlanta Hawks,V
Sat Feb 9 2019,7:30p,Toronto Raptors,New York Knicks,V
Sat Feb 9 2019,8:00p,Los Angeles Clippers,Boston Celtics,V
Sat Feb 9 2019,8:00p,Washington Wizards,Chicago Bulls,V
Sat Feb 9 2019,8:30p,Oklahoma City Thunder,Houston Rockets,V
Sat Feb 9 2019,9:00p,Orlando Magic,Milwaukee Bucks,V
Sun Feb 10 2019,7:30p,Orlando Magic,Atlanta Hawks,V
Mon Feb 11 2019,8:00p,Milwaukee Bucks,Chicago Bulls,V
Tue Feb 12 2019,8:00p,San Antonio Spurs,Memphis Grizzlies,V
Tue Feb 12 2019,8:00p,Orlando Magic,New Orleans Pelicans,V
Tue Feb 12 2019,8:00p,Boston Celtics,Philadelphia 76ers,V
Wed Feb 13 2019,7:00p,Brooklyn Nets,Cleveland Cavaliers,V
Wed Feb 13 2019,7:00p,Milwaukee Bucks,Indiana Pacers,V
Wed Feb 13 2019,7:30p,Philadelphia 76ers,New York Knicks,V
Wed Feb 13 2019,8:30p,Miami Heat,Dallas Mavericks,V
Thu Feb 14 2019,7:30p,New York Knicks,Atlanta Hawks,V
Thu Feb 21 2019,7:30p,Portland Trail Blazers,Brooklyn Nets,V
Fri Feb 22 2019,7:00p,Chicago Bulls,Orlando Magic,V
Fri Feb 22 2019,7:30p,Detroit Pistons,Atlanta Hawks,V
Fri Feb 22 2019,7:30p,Minnesota Timberwolves,New York Knicks,V
Fri Feb 22 2019,8:00p,Los Angeles Clippers,Memphis Grizzlies,V
Fri Feb 22 2019,8:30p,Denver Nuggets,Dallas Mavericks,V
Sat Feb 23 2019,1:00p,Portland Trail Blazers,Philadelphia 76ers,V
Sat Feb 23 2019,7:00p,Brooklyn Nets,Charlotte Hornets,V
Sat Feb 23 2019,7:00p,Indiana Pacers,Washington Wizards,V
Sat Feb 23 2019,7:30p,Detroit Pistons,Miami Heat,V
Sat Feb 23 2019,8:00p,Sacramento Kings,Oklahoma City Thunder,V
Sat Feb 23 2019,8:30p,Houston Rockets,Golden State Warriors,V
Sun Feb 24 2019,3:30p,Orlando Magic,Toronto Raptors,V
Mon Feb 25 2019,7:00p,Golden State Warriors,Charlotte Hornets,V
Mon Feb 25 2019,7:00p,Portland Trail Blazers,Cleveland Cavaliers,V
Mon Feb 25 2019,7:30p,Phoenix Suns,Miami Heat,V
Mon Feb 25 2019,8:00p,Milwaukee Bucks,Chicago Bulls,V
Mon Feb 25 2019,8:00p,Philadelphia 76ers,New Orleans Pelicans,V
Wed Feb 27 2019,7:00p,Houston Rockets,Charlotte Hornets,V
Wed Feb 27 2019,7:30p,Washington Wizards,Brooklyn Nets,V
Wed Feb 27 2019,8:00p,Portland Trail Blazers,Boston Celtics,V
Wed Feb 27 2019,8:00p,Chicago Bulls,Memphis Grizzlies,V
Wed Feb 27 2019,10:00p,Milwaukee Bucks,Sacramento Kings,V
Thu Feb 28 2019,7:30p,Cleveland Cavaliers,New York Knicks,V
Thu Feb 28 2019,8:00p,Philadelphia 76ers,Oklahoma City Thunder,V
Thu Feb 28 2019,10:30p,Utah Jazz,Denver Nuggets,V
Fri Mar 1 2019,7:30p,Chicago Bulls,Atlanta Hawks,V
Fri Mar 1 2019,7:30p,Charlotte Hornets,Brooklyn Nets,V
Fri Mar 1 2019,9:00p,New Orleans Pelicans,Phoenix Suns,V
Fri Mar 1 2019,10:00p,Los Angeles Clippers,Sacramento Kings,V
Fri Mar 1 2019,10:30p,Milwaukee Bucks,Los Angeles Lakers,V
Sat Mar 2 2019,5:00p,Detroit Pistons,Cleveland Cavaliers,V
Sat Mar 2 2019,7:00p,Orlando Magic,Indiana Pacers,V
Sat Mar 2 2019,8:30p,Memphis Grizzlies,Dallas Mavericks,V
Sat Mar 2 2019,8:30p,Golden State Warriors,Philadelphia 76ers,V
Sat Mar 2 2019,9:00p,New Orleans Pelicans,Denver Nuggets,V
Sun Mar 3 2019,1:00p,Portland Trail Blazers,Charlotte Hornets,V
Sun Mar 3 2019,3:30p,Houston Rockets,Boston Celtics,V
Sun Mar 3 2019,3:30p,Atlanta Hawks,Chicago Bulls,V
Mon Mar 4 2019,9:00p,New Orleans Pelicans,Utah Jazz,V
Mon Mar 4 2019,10:30p,Los Angeles Clippers,Los Angeles Lakers,V
Tue Mar 5 2019,8:00p,Houston Rockets,Toronto Raptors,V
Tue Mar 5 2019,10:30p,Boston Celtics,Golden State Warriors,V
Wed Mar 6 2019,7:00p,Miami Heat,Charlotte Hornets,V
Wed Mar 6 2019,7:30p,San Antonio Spurs,Atlanta Hawks,V
Wed Mar 6 2019,8:00p,Utah Jazz,New Orleans Pelicans,V
Wed Mar 6 2019,10:00p,Boston Celtics,Sacramento Kings,V
Wed Mar 6 2019,10:30p,Denver Nuggets,Los Angeles Lakers,V
Thu Mar 7 2019,10:30p,Oklahoma City Thunder,Portland Trail Blazers,V
Fri Mar 8 2019,8:00p,Detroit Pistons,Chicago Bulls,V
Fri Mar 8 2019,8:00p,Toronto Raptors,New Orleans Pelicans,V
Sat Mar 9 2019,12:00p,Sacramento Kings,New York Knicks,V
Sat Mar 9 2019,7:00p,Brooklyn Nets,Atlanta Hawks,V
Sat Mar 9 2019,8:30p,Boston Celtics,Los Angeles Lakers,V
Sun Mar 10 2019,3:30p,Toronto Raptors,Miami Heat,V
Sun Mar 10 2019,7:00p,Houston Rockets,Dallas Mavericks,V
Sun Mar 10 2019,8:30p,Phoenix Suns,Golden State Warriors,V
Mon Mar 11 2019,9:00p,Oklahoma City Thunder,Utah Jazz,V
Tue Mar 12 2019,8:00p,Los Angeles Lakers,Chicago Bulls,V
Tue Mar 12 2019,8:00p,San Antonio Spurs,Dallas Mavericks,V
Tue Mar 12 2019,8:00p,Milwaukee Bucks,New Orleans Pelicans,V
Tue Mar 12 2019,10:30p,Portland Trail Blazers,Los Angeles Clippers,V
Wed Mar 13 2019,9:30p,Golden State Warriors,Houston Rockets,V
Wed Mar 13 2019,10:00p,Utah Jazz,Phoenix Suns,V
Fri Mar 15 2019,7:00p,Charlotte Hornets,Washington Wizards,V
Fri Mar 15 2019,8:00p,Milwaukee Bucks,Miami Heat,V
Fri Mar 15 2019,8:00p,Portland Trail Blazers,New Orleans Pelicans,V
Sat Mar 16 2019,7:00p,Phoenix Suns,New Orleans Pelicans,V
Sat Mar 16 2019,8:30p,Golden State Warriors,Oklahoma City Thunder,V
Sun Mar 17 2019,3:30p,Philadelphia 76ers,Milwaukee Bucks,V
Mon Mar 18 2019,7:00p,Utah Jazz,Washington Wizards,V
Mon Mar 18 2019,7:30p,Denver Nuggets,Boston Celtics,V
Mon Mar 18 2019,8:00p,Miami Heat,Oklahoma City Thunder,V
Mon Mar 18 2019,8:30p,New Orleans Pelicans,Dallas Mavericks,V
Mon Mar 18 2019,10:00p,Chicago Bulls,Phoenix Suns,V
Tue Mar 19 2019,7:00p,Philadelphia 76ers,Charlotte Hornets,V
Tue Mar 19 2019,7:30p,Houston Rockets,Atlanta Hawks,V
Tue Mar 19 2019,8:00p,Golden State Warriors,Minnesota Timberwolves,V
Tue Mar 19 2019,10:00p,Brooklyn Nets,Sacramento Kings,V
Wed Mar 20 2019,7:30p,Utah Jazz,New York Knicks,V
Wed Mar 20 2019,8:30p,Miami Heat,San Antonio Spurs,V
Wed Mar 20 2019,9:30p,Toronto Raptors,Oklahoma City Thunder,V
Thu Mar 21 2019,7:00p,Denver Nuggets,Washington Wizards,V
Thu Mar 21 2019,10:00p,Detroit Pistons,Phoenix Suns,V
Fri Mar 22 2019,7:30p,Los Angeles Clippers,Cleveland Cavaliers,V
Fri Mar 22 2019,7:30p,Denver Nuggets,New York Knicks,V
Fri Mar 22 2019,7:30p,Oklahoma City Thunder,Toronto Raptors,V
Fri Mar 22 2019,10:30p,Brooklyn Nets,Los Angeles Lakers,V
Sat Mar 23 2019,7:00p,Miami Heat,Washington Wizards,V
Sat Mar 23 2019,8:00p,Utah Jazz,Chicago Bulls,V
Sat Mar 23 2019,8:00p,Minnesota Timberwolves,Memphis Grizzlies,V
Sat Mar 23 2019,8:30p,Dallas Mavericks,Golden State Warriors,V
Sun Mar 24 2019,12:00p,Los Angeles Clippers,New York Knicks,V
Sun Mar 24 2019,6:00p,Charlotte Hornets,Toronto Raptors,V
Sun Mar 24 2019,7:00p,Houston Rockets,New Orleans Pelicans,V
Sun Mar 24 2019,7:30p,San Antonio Spurs,Boston Celtics,V
Tue Mar 26 2019,7:00p,Boston Celtics,Cleveland Cavaliers,V
Tue Mar 26 2019,7:30p,Orlando Magic,Miami Heat,V
Tue Mar 26 2019,8:00p,Los Angeles Clippers,Minnesota Timberwolves,V
Tue Mar 26 2019,8:00p,Atlanta Hawks,New Orleans Pelicans,V
Tue Mar 26 2019,8:30p,Sacramento Kings,Dallas Mavericks,V
Wed Mar 27 2019,8:00p,Portland Trail Blazers,Chicago Bulls,V
Wed Mar 27 2019,8:00p,Golden State Warriors,Memphis Grizzlies,V
Wed Mar 27 2019,10:00p,Washington Wizards,Phoenix Suns,V
Thu Mar 28 2019,7:30p,Toronto Raptors,New York Knicks,V
Fri Mar 29 2019,7:30p,Portland Trail Blazers,Atlanta Hawks,V
Fri Mar 29 2019,8:00p,Denver Nuggets,Oklahoma City Thunder,V
Sat Mar 30 2019,7:00p,Orlando Magic,Indiana Pacers,V
Sat Mar 30 2019,7:30p,Miami Heat,New York Knicks,V
Sat Mar 30 2019,8:00p,Toronto Raptors,Chicago Bulls,V
Sat Mar 30 2019,8:00p,Philadelphia 76ers,Minnesota Timberwolves,V
Sat Mar 30 2019,10:00p,Memphis Grizzlies,Phoenix Suns,V
Sun Mar 31 2019,3:30p,Dallas Mavericks,Oklahoma City Thunder,V
Sun Mar 31 2019,6:00p,Los Angeles Lakers,New Orleans Pelicans,V
Sun Mar 31 2019,7:00p,Sacramento Kings,San Antonio Spurs,V
Sun Mar 31 2019,8:00p,Washington Wizards,Denver Nuggets,V
Mon Apr 1 2019,7:30p,Milwaukee Bucks,Brooklyn Nets,V
Mon Apr 1 2019,8:00p,Portland Trail Blazers,Minnesota Timberwolves,V
Tue Apr 2 2019,10:00p,Houston Rockets,Sacramento Kings,V
Wed Apr 3 2019,7:00p,Indiana Pacers,Detroit Pistons,V
Wed Apr 3 2019,7:00p,Chicago Bulls,Washington Wizards,V
Wed Apr 3 2019,7:30p,Toronto Raptors,Brooklyn Nets,V
Wed Apr 3 2019,7:30p,Boston Celtics,Miami Heat,V
Wed Apr 3 2019,8:00p,Charlotte Hornets,New Orleans Pelicans,V
Wed Apr 3 2019,8:30p,Minnesota Timberwolves,Dallas Mavericks,V
Wed Apr 3 2019,10:00p,Utah Jazz,Phoenix Suns,V
Wed Apr 3 2019,10:30p,Houston Rockets,Los Angeles Clippers,V
Thu Apr 4 2019,8:00p,Milwaukee Bucks,Philadelphia 76ers,V
Thu Apr 4 2019,10:30p,Golden State Warriors,Los Angeles Lakers,V
Fri Apr 5 2019,7:00p,San Antonio Spurs,Washington Wizards,V
Fri Apr 5 2019,8:00p,Boston Celtics,Indiana Pacers,V
Fri Apr 5 2019,8:30p,Memphis Grizzlies,Dallas Mavericks,V
Fri Apr 5 2019,10:30p,Los Angeles Lakers,Los Angeles Clippers,V
Sat Apr 6 2019,5:00p,Brooklyn Nets,Milwaukee Bucks,V
Sat Apr 6 2019,8:00p,Philadelphia 76ers,Chicago Bulls,V
Sun Apr 7 2019,3:00p,San Antonio Spurs,Cleveland Cavaliers,V
Sun Apr 7 2019,3:30p,Oklahoma City Thunder,Minnesota Timberwolves,V
Sun Apr 7 2019,4:00p,Charlotte Hornets,Detroit Pistons,V
Sun Apr 7 2019,5:00p,Brooklyn Nets,Indiana Pacers,V
Sun Apr 7 2019,6:00p,Dallas Mavericks,Memphis Grizzlies,V
Sun Apr 7 2019,7:30p,Orlando Magic,Boston Celtics,V
Sun Apr 7 2019,9:00p,New Orleans Pelicans,Sacramento Kings,V
Tue Apr 9 2019,7:00p,Charlotte Hornets,Cleveland Cavaliers,V
Tue Apr 9 2019,7:00p,Boston Celtics,Washington Wizards,V
Tue Apr 9 2019,8:00p,New York Knicks,Chicago Bulls,V
Tue Apr 9 2019,8:00p,Toronto Raptors,Minnesota Timberwolves,V
Tue Apr 9 2019,8:00p,Golden State Warriors,New Orleans Pelicans,V
Tue Apr 9 2019,10:30p,Portland Trail Blazers,Los Angeles Lakers,V
Wed Apr 10 2019,8:00p,Indiana Pacers,Atlanta Hawks,V
Wed Apr 10 2019,8:00p,Orlando Magic,Charlotte Hornets,V
Wed Apr 10 2019,8:00p,Oklahoma City Thunder,Milwaukee Bucks,V
Wed Apr 10 2019,8:00p,Detroit Pistons,New York Knicks,V
Sat Apr 13 2019,2:30p,Brooklyn Nets,Philadelphia 76ers,V
Sat Apr 13 2019,5:00p,Orlando Magic,Toronto Raptors,V
Sat Apr 13 2019,10:30p,San Antonio Spurs,Denver Nuggets,V
Mon Apr 15 2019,10:30p,Los Angeles Clippers,Golden State Warriors,V
Thu Apr 18 2019,8:00p,Philadelphia 76ers,Brooklyn Nets,V
Thu Apr 18 2019,10:30p,Golden State Warriors,Los Angeles Clippers,V
Fri Apr 19 2019,7:00p,Toronto Raptors,Orlando Magic,V
Fri Apr 19 2019,8:30p,Boston Celtics,Indiana Pacers,V
Sat Apr 20 2019,3:00p,Philadelphia 76ers,Brooklyn Nets,V
Sat Apr 20 2019,5:30p,Denver Nuggets,San Antonio Spurs,V
Sat Apr 20 2019,8:00p,Milwaukee Bucks,Detroit Pistons,V
Sat Apr 20 2019,10:30p,Houston Rockets,Utah Jazz,V
Sun Apr 21 2019,1:00p,Boston Celtics,Indiana Pacers,V
Sun Apr 21 2019,3:30p,Golden State Warriors,Los Angeles Clippers,V
Sun Apr 21 2019,7:00p,Toronto Raptors,Orlando Magic,V
Sun Apr 21 2019,9:30p,Portland Trail Blazers,Oklahoma City Thunder,V
Mon Apr 22 2019,8:00p,Milwaukee Bucks,Detroit Pistons,V
Wed Apr 24 2019,10:30p,Los Angeles Clippers,Golden State Warriors,V
Fri Apr 26 2019,10:00p,Golden State Warriors,Los Angeles Clippers,V
Sun Apr 28 2019,1:00p,Boston Celtics,Milwaukee Bucks,V
Mon Apr 29 2019,8:00p,Philadelphia 76ers,Toronto Raptors,V
Wed May 1 2019,9:00p,Portland Trail Blazers,Denver Nuggets,V
Fri May 3 2019,8:00p,Milwaukee Bucks,Boston Celtics,V
Sun May 5 2019,3:30p,Toronto Raptors,Philadelphia 76ers,V
Sun May 5 2019,7:00p,Denver Nuggets,Portland Trail Blazers,V
Mon May 6 2019,7:00p,Milwaukee Bucks,Boston Celtics,V
Fri May 10 2019,9:00p,Golden State Warriors,Houston Rockets,V
Sun May 12 2019,3:30p,Portland Trail Blazers,Denver Nuggets,V
Sat May 18 2019,9:00p,Golden State Warriors,Portland Trail Blazers,V
Mon May 20 2019,9:00p,Golden State Warriors,Portland Trail Blazers,V
Thu May 23 2019,8:30p,Toronto Raptors,Milwaukee Bucks,V
Sun Jun 2 2019,8:00p,Golden State Warriors,Toronto Raptors,V
Wed Jun 5 2019,9:00p,Toronto Raptors,Golden State Warriors,V
Fri Jun 7 2019,9:00p,Toronto Raptors,Golden State Warriors,V
Mon Jun 10 2019,9:00p,Golden State Warriors,Toronto Raptors,V
Thu Jun 13 2019,9:00p,Toronto Raptors,Golden State Warriors,V
Tue Oct 16 2018,8:00p,Boston Celtics,Philadelphia 76ers,H
Tue Oct 16 2018,10:30p,Golden State Warriors,Oklahoma City Thunder,H
Wed Oct 17 2018,7:00p,Detroit Pistons,Brooklyn Nets,H
Wed Oct 17 2018,7:00p,Indiana Pacers,Memphis Grizzlies,H
Wed Oct 17 2018,7:00p,Orlando Magic,Miami Heat,H
Wed Oct 17 2018,7:30p,New York Knicks,Atlanta Hawks,H
Wed Oct 17 2018,7:30p,Toronto Raptors,Cleveland Cavaliers,H
Wed Oct 17 2018,8:30p,San Antonio Spurs,Minnesota Timberwolves,H
Wed Oct 17 2018,10:30p,Phoenix Suns,Dallas Mavericks,H
Thu Oct 18 2018,8:00p,Philadelphia 76ers,Chicago Bulls,H
Thu Oct 18 2018,10:30p,Portland Trail Blazers,Los Angeles Lakers,H
Fri Oct 19 2018,7:30p,Brooklyn Nets,New York Knicks,H
Fri Oct 19 2018,8:00p,Memphis Grizzlies,Atlanta Hawks,H
Fri Oct 19 2018,8:00p,Minnesota Timberwolves,Cleveland Cavaliers,H
Fri Oct 19 2018,8:00p,New Orleans Pelicans,Sacramento Kings,H
Fri Oct 19 2018,8:00p,Toronto Raptors,Boston Celtics,H
Fri Oct 19 2018,8:30p,Milwaukee Bucks,Indiana Pacers,H
Fri Oct 19 2018,10:30p,Los Angeles Clippers,Oklahoma City Thunder,H
Sat Oct 20 2018,7:00p,Indiana Pacers,Brooklyn Nets,H
Sat Oct 20 2018,7:30p,Philadelphia 76ers,Orlando Magic,H
Sat Oct 20 2018,8:30p,Dallas Mavericks,Minnesota Timberwolves,H
Sat Oct 20 2018,9:00p,Denver Nuggets,Phoenix Suns,H
Sat Oct 20 2018,10:00p,Portland Trail Blazers,San Antonio Spurs,H
Sun Oct 21 2018,8:00p,Denver Nuggets,Golden State Warriors,H
Sun Oct 21 2018,9:00p,Los Angeles Clippers,Houston Rockets,H
Mon Oct 22 2018,7:30p,Toronto Raptors,Charlotte Hornets,H
Mon Oct 22 2018,8:00p,Milwaukee Bucks,New York Knicks,H
Mon Oct 22 2018,8:00p,Minnesota Timberwolves,Indiana Pacers,H
Mon Oct 22 2018,8:30p,Dallas Mavericks,Chicago Bulls,H
Mon Oct 22 2018,10:30p,Golden State Warriors,Phoenix Suns,H
Tue Oct 23 2018,7:00p,Detroit Pistons,Philadelphia 76ers,H
Tue Oct 23 2018,8:00p,New Orleans Pelicans,Los Angeles Clippers,H
Tue Oct 23 2018,9:00p,Denver Nuggets,Sacramento Kings,H
Wed Oct 24 2018,7:00p,Atlanta Hawks,Dallas Mavericks,H
Wed Oct 24 2018,7:30p,Miami Heat,New York Knicks,H
Wed Oct 24 2018,7:30p,Toronto Raptors,Minnesota Timberwolves,H
Wed Oct 24 2018,8:00p,Chicago Bulls,Charlotte Hornets,H
Wed Oct 24 2018,9:30p,Milwaukee Bucks,Philadelphia 76ers,H
Wed Oct 24 2018,10:00p,Sacramento Kings,Memphis Grizzlies,H
Wed Oct 24 2018,10:30p,Golden State Warriors,Washington Wizards,H
Thu Oct 25 2018,7:00p,Detroit Pistons,Cleveland Cavaliers,H
Thu Oct 25 2018,10:30p,Los Angeles Lakers,Denver Nuggets,H
Fri Oct 26 2018,7:00p,Charlotte Hornets,Chicago Bulls,H
Fri Oct 26 2018,7:30p,Toronto Raptors,Dallas Mavericks,H
Fri Oct 26 2018,8:00p,New Orleans Pelicans,Brooklyn Nets,H
Fri Oct 26 2018,10:00p,Sacramento Kings,Washington Wizards,H
Sat Oct 27 2018,7:30p,Philadelphia 76ers,Charlotte Hornets,H
Sat Oct 27 2018,8:00p,Memphis Grizzlies,Phoenix Suns,H
Sat Oct 27 2018,8:00p,Miami Heat,Portland Trail Blazers,H
Sat Oct 27 2018,8:30p,Milwaukee Bucks,Orlando Magic,H
Sat Oct 27 2018,8:30p,San Antonio Spurs,Los Angeles Lakers,H
Sun Oct 28 2018,7:00p,Oklahoma City Thunder,Phoenix Suns,H
Sun Oct 28 2018,9:30p,Los Angeles Clippers,Washington Wizards,H
Mon Oct 29 2018,7:00p,Philadelphia 76ers,Atlanta Hawks,H
Mon Oct 29 2018,7:30p,New York Knicks,Brooklyn Nets,H
Mon Oct 29 2018,8:00p,Milwaukee Bucks,Toronto Raptors,H
Mon Oct 29 2018,8:00p,Minnesota Timberwolves,Los Angeles Lakers,H
Mon Oct 29 2018,8:30p,San Antonio Spurs,Dallas Mavericks,H
Mon Oct 29 2018,9:00p,Denver Nuggets,New Orleans Pelicans,H
Tue Oct 30 2018,7:00p,Charlotte Hornets,Miami Heat,H
Tue Oct 30 2018,7:00p,Cleveland Cavaliers,Atlanta Hawks,H
Tue Oct 30 2018,7:30p,Boston Celtics,Detroit Pistons,H
Tue Oct 30 2018,7:30p,Toronto Raptors,Philadelphia 76ers,H
Tue Oct 30 2018,8:00p,Memphis Grizzlies,Washington Wizards,H
Tue Oct 30 2018,8:00p,Oklahoma City Thunder,Los Angeles Clippers,H
Wed Oct 31 2018,7:30p,Brooklyn Nets,Detroit Pistons,H
Wed Oct 31 2018,8:00p,Minnesota Timberwolves,Utah Jazz,H
Wed Oct 31 2018,10:30p,Golden State Warriors,New Orleans Pelicans,H
Wed Oct 31 2018,10:30p,Los Angeles Lakers,Dallas Mavericks,H
Thu Nov 1 2018,7:00p,Philadelphia 76ers,Los Angeles Clippers,H
Thu Nov 1 2018,8:00p,Boston Celtics,Milwaukee Bucks,H
Thu Nov 1 2018,10:30p,Portland Trail Blazers,New Orleans Pelicans,H
Fri Nov 2 2018,10:30p,Golden State Warriors,Minnesota Timberwolves,H
Sat Nov 3 2018,1:00p,Philadelphia 76ers,Detroit Pistons,H
Sat Nov 3 2018,7:00p,Charlotte Hornets,Cleveland Cavaliers,H
Sat Nov 3 2018,7:00p,Indiana Pacers,Boston Celtics,H
Sat Nov 3 2018,7:30p,Atlanta Hawks,Miami Heat,H
Sat Nov 3 2018,8:30p,San Antonio Spurs,New Orleans Pelicans,H
Sat Nov 3 2018,9:00p,Denver Nuggets,Utah Jazz,H
Sun Nov 4 2018,3:30p,Milwaukee Bucks,Sacramento Kings,H
Sun Nov 4 2018,6:00p,Brooklyn Nets,Philadelphia 76ers,H
Sun Nov 4 2018,6:00p,Washington Wizards,New York Knicks,H
Sun Nov 4 2018,8:00p,Phoenix Suns,Memphis Grizzlies,H
Sun Nov 4 2018,9:00p,Portland Trail Blazers,Minnesota Timberwolves,H
Mon Nov 5 2018,7:00p,Orlando Magic,Cleveland Cavaliers,H
Mon Nov 5 2018,8:00p,Oklahoma City Thunder,New Orleans Pelicans,H
Mon Nov 5 2018,9:00p,Denver Nuggets,Boston Celtics,H
Mon Nov 5 2018,10:30p,Golden State Warriors,Memphis Grizzlies,H
Mon Nov 5 2018,10:30p,Los Angeles Clippers,Minnesota Timberwolves,H
Tue Nov 6 2018,7:00p,Charlotte Hornets,Atlanta Hawks,H
Tue Nov 6 2018,8:30p,Dallas Mavericks,Washington Wizards,H
Tue Nov 6 2018,10:00p,Portland Trail Blazers,Milwaukee Bucks,H
Wed Nov 7 2018,7:30p,Miami Heat,San Antonio Spurs,H
Wed Nov 7 2018,8:00p,Memphis Grizzlies,Denver Nuggets,H
Wed Nov 7 2018,8:00p,New Orleans Pelicans,Chicago Bulls,H
Wed Nov 7 2018,9:00p,Utah Jazz,Dallas Mavericks,H
Wed Nov 7 2018,10:30p,Los Angeles Lakers,Minnesota Timberwolves,H
Thu Nov 8 2018,8:00p,Oklahoma City Thunder,Houston Rockets,H
Thu Nov 8 2018,10:00p,Portland Trail Blazers,Los Angeles Clippers,H
Fri Nov 9 2018,7:00p,Orlando Magic,Washington Wizards,H
Fri Nov 9 2018,7:00p,Philadelphia 76ers,Charlotte Hornets,H
Fri Nov 9 2018,9:30p,Utah Jazz,Boston Celtics,H
Fri Nov 9 2018,10:00p,Sacramento Kings,Minnesota Timberwolves,H
Sat Nov 10 2018,3:00p,Toronto Raptors,New York Knicks,H
Sat Nov 10 2018,3:30p,Los Angeles Clippers,Milwaukee Bucks,H
Sat Nov 10 2018,7:00p,New Orleans Pelicans,Phoenix Suns,H
Sat Nov 10 2018,8:00p,Chicago Bulls,Cleveland Cavaliers,H
Sat Nov 10 2018,8:00p,Memphis Grizzlies,Philadelphia 76ers,H
Sat Nov 10 2018,8:30p,Golden State Warriors,Brooklyn Nets,H
Sat Nov 10 2018,8:30p,San Antonio Spurs,Houston Rockets,H
Sat Nov 10 2018,9:00p,Dallas Mavericks,Oklahoma City Thunder,H
Sun Nov 11 2018,7:00p,Houston Rockets,Indiana Pacers,H
Sun Nov 11 2018,9:00p,Portland Trail Blazers,Boston Celtics,H
Sun Nov 11 2018,9:30p,Los Angeles Lakers,Atlanta Hawks,H
Mon Nov 12 2018,7:00p,Washington Wizards,Orlando Magic,H
Mon Nov 12 2018,8:00p,Minnesota Timberwolves,Brooklyn Nets,H
Mon Nov 12 2018,8:00p,Oklahoma City Thunder,Phoenix Suns,H
Mon Nov 12 2018,10:00p,Sacramento Kings,San Antonio Spurs,H
Mon Nov 12 2018,10:30p,Los Angeles Clippers,Golden State Warriors,H
Tue Nov 13 2018,7:00p,Cleveland Cavaliers,Charlotte Hornets,H
Tue Nov 13 2018,10:30p,Golden State Warriors,Atlanta Hawks,H
Wed Nov 14 2018,7:00p,Orlando Magic,Philadelphia 76ers,H
Wed Nov 14 2018,7:00p,Washington Wizards,Cleveland Cavaliers,H
Wed Nov 14 2018,7:30p,Boston Celtics,Chicago Bulls,H
Wed Nov 14 2018,8:00p,Minnesota Timberwolves,New Orleans Pelicans,H
Wed Nov 14 2018,8:00p,Oklahoma City Thunder,New York Knicks,H
Wed Nov 14 2018,8:30p,Dallas Mavericks,Utah Jazz,H
Wed Nov 14 2018,9:00p,Phoenix Suns,San Antonio Spurs,H
Wed Nov 14 2018,10:30p,Los Angeles Lakers,Portland Trail Blazers,H
Thu Nov 15 2018,8:00p,Houston Rockets,Golden State Warriors,H
Thu Nov 15 2018,9:00p,Denver Nuggets,Atlanta Hawks,H
Thu Nov 15 2018,10:30p,Los Angeles Clippers,San Antonio Spurs,H
Fri Nov 16 2018,7:00p,Boston Celtics,Toronto Raptors,H
Fri Nov 16 2018,7:00p,Indiana Pacers,Miami Heat,H
Fri Nov 16 2018,7:00p,Philadelphia 76ers,Utah Jazz,H
Fri Nov 16 2018,8:00p,Memphis Grizzlies,Sacramento Kings,H
Fri Nov 16 2018,8:00p,Minnesota Timberwolves,Portland Trail Blazers,H
Fri Nov 16 2018,8:00p,New Orleans Pelicans,New York Knicks,H
Fri Nov 16 2018,9:30p,Milwaukee Bucks,Chicago Bulls,H
Sat Nov 17 2018,7:00p,Indiana Pacers,Atlanta Hawks,H
Sat Nov 17 2018,7:00p,New Orleans Pelicans,Denver Nuggets,H
Sat Nov 17 2018,7:00p,Orlando Magic,Los Angeles Lakers,H
Sat Nov 17 2018,8:00p,Houston Rockets,Sacramento Kings,H
Sat Nov 17 2018,8:30p,Dallas Mavericks,Golden State Warriors,H
Sun Nov 18 2018,6:00p,Orlando Magic,New York Knicks,H
Sun Nov 18 2018,7:00p,San Antonio Spurs,Golden State Warriors,H
Mon Nov 19 2018,7:00p,Charlotte Hornets,Boston Celtics,H
Mon Nov 19 2018,7:00p,Detroit Pistons,Cleveland Cavaliers,H
Mon Nov 19 2018,7:00p,Indiana Pacers,Utah Jazz,H
Mon Nov 19 2018,7:00p,Philadelphia 76ers,Phoenix Suns,H
Mon Nov 19 2018,8:00p,Memphis Grizzlies,Dallas Mavericks,H
Mon Nov 19 2018,8:00p,Milwaukee Bucks,Denver Nuggets,H
Mon Nov 19 2018,8:00p,New Orleans Pelicans,San Antonio Spurs,H
Mon Nov 19 2018,10:00p,Sacramento Kings,Oklahoma City Thunder,H
Tue Nov 20 2018,7:00p,Washington Wizards,Los Angeles Clippers,H
Wed Nov 21 2018,7:00p,Charlotte Hornets,Indiana Pacers,H
Wed Nov 21 2018,7:00p,Philadelphia 76ers,New Orleans Pelicans,H
Wed Nov 21 2018,8:00p,Chicago Bulls,Phoenix Suns,H
Wed Nov 21 2018,8:00p,Houston Rockets,Detroit Pistons,H
Wed Nov 21 2018,8:00p,Milwaukee Bucks,Portland Trail Blazers,H
Wed Nov 21 2018,8:30p,Dallas Mavericks,Brooklyn Nets,H
Fri Nov 23 2018,3:30p,Los Angeles Clippers,Memphis Grizzlies,H
Fri Nov 23 2018,7:00p,Detroit Pistons,Houston Rockets,H
Fri Nov 23 2018,7:30p,New York Knicks,New Orleans Pelicans,H
Fri Nov 23 2018,7:30p,Toronto Raptors,Washington Wizards,H
Fri Nov 23 2018,8:00p,Oklahoma City Thunder,Charlotte Hornets,H
Fri Nov 23 2018,9:00p,Denver Nuggets,Orlando Magic,H
Fri Nov 23 2018,10:30p,Golden State Warriors,Portland Trail Blazers,H
Fri Nov 23 2018,10:30p,Los Angeles Lakers,Utah Jazz,H
Sat Nov 24 2018,7:30p,Cleveland Cavaliers,Houston Rockets,H
Sat Nov 24 2018,8:00p,Minnesota Timberwolves,Chicago Bulls,H
Sat Nov 24 2018,8:00p,Washington Wizards,New Orleans Pelicans,H
Sat Nov 24 2018,8:30p,Dallas Mavericks,Boston Celtics,H
Sat Nov 24 2018,8:30p,Golden State Warriors,Sacramento Kings,H
Sat Nov 24 2018,8:30p,Milwaukee Bucks,San Antonio Spurs,H
Sun Nov 25 2018,4:00p,Detroit Pistons,Phoenix Suns,H
Sun Nov 25 2018,6:00p,Atlanta Hawks,Charlotte Hornets,H
Sun Nov 25 2018,6:00p,Toronto Raptors,Miami Heat,H
Mon Nov 26 2018,7:00p,Charlotte Hornets,Milwaukee Bucks,H
Mon Nov 26 2018,7:00p,Washington Wizards,Houston Rockets,H
Mon Nov 26 2018,10:30p,Golden State Warriors,Orlando Magic,H
Tue Nov 27 2018,7:00p,Detroit Pistons,New York Knicks,H
Tue Nov 27 2018,9:00p,Denver Nuggets,Los Angeles Lakers,H
Wed Nov 28 2018,7:00p,Charlotte Hornets,Atlanta Hawks,H
Wed Nov 28 2018,7:00p,Philadelphia 76ers,New York Knicks,H
Wed Nov 28 2018,8:00p,Milwaukee Bucks,Chicago Bulls,H
Wed Nov 28 2018,8:00p,Minnesota Timberwolves,San Antonio Spurs,H
Wed Nov 28 2018,8:00p,New Orleans Pelicans,Washington Wizards,H
Wed Nov 28 2018,8:00p,Oklahoma City Thunder,Cleveland Cavaliers,H
Wed Nov 28 2018,10:00p,Portland Trail Blazers,Orlando Magic,H
Wed Nov 28 2018,10:30p,Los Angeles Clippers,Phoenix Suns,H
Thu Nov 29 2018,8:00p,Toronto Raptors,Golden State Warriors,H
Thu Nov 29 2018,10:30p,Los Angeles Lakers,Indiana Pacers,H
Fri Nov 30 2018,7:00p,Boston Celtics,Cleveland Cavaliers,H
Fri Nov 30 2018,7:00p,Detroit Pistons,Chicago Bulls,H
Fri Nov 30 2018,7:00p,Philadelphia 76ers,Washington Wizards,H
Fri Nov 30 2018,8:00p,Miami Heat,New Orleans Pelicans,H
Fri Nov 30 2018,8:00p,Oklahoma City Thunder,Atlanta Hawks,H
Fri Nov 30 2018,10:30p,Los Angeles Lakers,Dallas Mavericks,H
Sat Dec 1 2018,5:00p,New York Knicks,Milwaukee Bucks,H
Sat Dec 1 2018,7:00p,Detroit Pistons,Golden State Warriors,H
Sat Dec 1 2018,7:00p,Washington Wizards,Brooklyn Nets,H
Sat Dec 1 2018,8:00p,Houston Rockets,Chicago Bulls,H
Sat Dec 1 2018,10:00p,Sacramento Kings,Indiana Pacers,H
Sun Dec 2 2018,3:30p,Los Angeles Lakers,Phoenix Suns,H
Sun Dec 2 2018,6:00p,Miami Heat,Utah Jazz,H
Sun Dec 2 2018,6:00p,Philadelphia 76ers,Memphis Grizzlies,H
Sun Dec 2 2018,7:00p,Dallas Mavericks,Los Angeles Clippers,H
Sun Dec 2 2018,7:00p,San Antonio Spurs,Portland Trail Blazers,H
Mon Dec 3 2018,8:00p,Minnesota Timberwolves,Houston Rockets,H
Tue Dec 4 2018,7:00p,Indiana Pacers,Chicago Bulls,H
Tue Dec 4 2018,8:30p,Dallas Mavericks,Portland Trail Blazers,H
Tue Dec 4 2018,9:00p,Utah Jazz,San Antonio Spurs,H
Wed Dec 5 2018,8:00p,Memphis Grizzlies,Los Angeles Clippers,H
Wed Dec 5 2018,8:00p,Milwaukee Bucks,Detroit Pistons,H
Wed Dec 5 2018,8:00p,Minnesota Timberwolves,Charlotte Hornets,H
Wed Dec 5 2018,8:00p,New Orleans Pelicans,Dallas Mavericks,H
Wed Dec 5 2018,8:00p,Toronto Raptors,Philadelphia 76ers,H
Wed Dec 5 2018,10:30p,Los Angeles Lakers,San Antonio Spurs,H
Thu Dec 6 2018,8:00p,Boston Celtics,New York Knicks,H
Thu Dec 6 2018,10:00p,Portland Trail Blazers,Phoenix Suns,H
Thu Dec 6 2018,10:30p,Utah Jazz,Houston Rockets,H
Fri Dec 7 2018,7:00p,Charlotte Hornets,Denver Nuggets,H
Fri Dec 7 2018,7:30p,Brooklyn Nets,Toronto Raptors,H
Fri Dec 7 2018,8:00p,Chicago Bulls,Oklahoma City Thunder,H
Fri Dec 7 2018,8:30p,San Antonio Spurs,Los Angeles Lakers,H
Sat Dec 8 2018,6:00p,Dallas Mavericks,Houston Rockets,H
Sat Dec 8 2018,7:00p,Indiana Pacers,Sacramento Kings,H
Sat Dec 8 2018,7:30p,Atlanta Hawks,Denver Nuggets,H
Sat Dec 8 2018,7:30p,Cleveland Cavaliers,Washington Wizards,H
Sat Dec 8 2018,10:00p,Portland Trail Blazers,Minnesota Timberwolves,H
Sun Dec 9 2018,7:00p,San Antonio Spurs,Utah Jazz,H
Mon Dec 10 2018,7:00p,Indiana Pacers,Washington Wizards,H
Mon Dec 10 2018,7:00p,Philadelphia 76ers,Detroit Pistons,H
Mon Dec 10 2018,7:30p,Boston Celtics,New Orleans Pelicans,H
Mon Dec 10 2018,8:00p,Milwaukee Bucks,Cleveland Cavaliers,H
Mon Dec 10 2018,8:00p,Oklahoma City Thunder,Utah Jazz,H
Mon Dec 10 2018,8:30p,Dallas Mavericks,Orlando Magic,H
Mon Dec 10 2018,9:00p,Denver Nuggets,Memphis Grizzlies,H
Mon Dec 10 2018,10:30p,Golden State Warriors,Minnesota Timberwolves,H
Mon Dec 10 2018,10:30p,Los Angeles Lakers,Miami Heat,H
Tue Dec 11 2018,8:00p,Houston Rockets,Portland Trail Blazers,H
Tue Dec 11 2018,8:30p,San Antonio Spurs,Phoenix Suns,H
Wed Dec 12 2018,7:00p,Charlotte Hornets,Detroit Pistons,H
Wed Dec 12 2018,7:00p,Cleveland Cavaliers,New York Knicks,H
Wed Dec 12 2018,7:00p,Indiana Pacers,Milwaukee Bucks,H
Wed Dec 12 2018,8:00p,Memphis Grizzlies,Portland Trail Blazers,H
Wed Dec 12 2018,8:00p,New Orleans Pelicans,Oklahoma City Thunder,H
Wed Dec 12 2018,8:30p,Dallas Mavericks,Atlanta Hawks,H
Wed Dec 12 2018,9:00p,Utah Jazz,Miami Heat,H
Wed Dec 12 2018,10:00p,Sacramento Kings,Minnesota Timberwolves,H
Thu Dec 13 2018,8:00p,Houston Rockets,Los Angeles Lakers,H
Thu Dec 13 2018,8:30p,San Antonio Spurs,Los Angeles Clippers,H
Thu Dec 13 2018,9:30p,Orlando Magic,Chicago Bulls,H
Thu Dec 13 2018,10:30p,Phoenix Suns,Dallas Mavericks,H
Fri Dec 14 2018,7:00p,Boston Celtics,Atlanta Hawks,H
Fri Dec 14 2018,7:30p,Brooklyn Nets,Washington Wizards,H
Fri Dec 14 2018,10:00p,Denver Nuggets,Oklahoma City Thunder,H
Fri Dec 14 2018,10:00p,Portland Trail Blazers,Toronto Raptors,H
Sat Dec 15 2018,5:00p,Orlando Magic,Utah Jazz,H
Sat Dec 15 2018,7:00p,Detroit Pistons,Boston Celtics,H
Sat Dec 15 2018,9:00p,Oklahoma City Thunder,Los Angeles Clippers,H
Sat Dec 15 2018,9:00p,Phoenix Suns,Minnesota Timberwolves,H
Sun Dec 16 2018,3:00p,Brooklyn Nets,Atlanta Hawks,H
Sun Dec 16 2018,5:00p,Indiana Pacers,New York Knicks,H
Sun Dec 16 2018,6:00p,Washington Wizards,Los Angeles Lakers,H
Sun Dec 16 2018,8:00p,Denver Nuggets,Toronto Raptors,H
Mon Dec 17 2018,8:00p,Houston Rockets,Utah Jazz,H
Mon Dec 17 2018,8:00p,Minnesota Timberwolves,Sacramento Kings,H
Mon Dec 17 2018,8:00p,Oklahoma City Thunder,Chicago Bulls,H
Mon Dec 17 2018,8:30p,San Antonio Spurs,Philadelphia 76ers,H
Mon Dec 17 2018,10:30p,Golden State Warriors,Memphis Grizzlies,H
Tue Dec 18 2018,7:30p,Atlanta Hawks,Washington Wizards,H
Tue Dec 18 2018,7:30p,Brooklyn Nets,Los Angeles Lakers,H
Tue Dec 18 2018,9:00p,Denver Nuggets,Dallas Mavericks,H
Wed Dec 19 2018,7:00p,Charlotte Hornets,Cleveland Cavaliers,H
Wed Dec 19 2018,7:00p,Philadelphia 76ers,New York Knicks,H
Wed Dec 19 2018,7:30p,Toronto Raptors,Indiana Pacers,H
Wed Dec 19 2018,8:00p,Houston Rockets,Washington Wizards,H
Wed Dec 19 2018,8:00p,Milwaukee Bucks,New Orleans Pelicans,H
Wed Dec 19 2018,9:00p,Utah Jazz,Golden State Warriors,H
Wed Dec 19 2018,10:00p,Portland Trail Blazers,Memphis Grizzlies,H
Thu Dec 20 2018,8:00p,Miami Heat,Houston Rockets,H
Thu Dec 20 2018,10:30p,Los Angeles Clippers,Dallas Mavericks,H
Fri Dec 21 2018,7:00p,Charlotte Hornets,Detroit Pistons,H
Fri Dec 21 2018,7:00p,Toronto Raptors,Cleveland Cavaliers,H
Fri Dec 21 2018,8:00p,Chicago Bulls,Orlando Magic,H
Fri Dec 21 2018,8:30p,San Antonio Spurs,Minnesota Timberwolves,H
Fri Dec 21 2018,10:00p,Sacramento Kings,Memphis Grizzlies,H
Fri Dec 21 2018,10:30p,Los Angeles Lakers,New Orleans Pelicans,H
Sat Dec 22 2018,5:00p,Los Angeles Clippers,Denver Nuggets,H
Sat Dec 22 2018,7:00p,Washington Wizards,Phoenix Suns,H
Sat Dec 22 2018,7:30p,Philadelphia 76ers,Toronto Raptors,H
Sat Dec 22 2018,8:00p,Houston Rockets,San Antonio Spurs,H
Sat Dec 22 2018,8:00p,Miami Heat,Milwaukee Bucks,H
Sat Dec 22 2018,8:30p,Golden State Warriors,Dallas Mavericks,H
Sun Dec 23 2018,5:00p,Indiana Pacers,Washington Wizards,H
Sun Dec 23 2018,6:00p,Boston Celtics,Charlotte Hornets,H
Sun Dec 23 2018,6:00p,Brooklyn Nets,Phoenix Suns,H
Sun Dec 23 2018,6:00p,Sacramento Kings,New Orleans Pelicans,H
Sun Dec 23 2018,8:30p,Golden State Warriors,Los Angeles Clippers,H
Sun Dec 23 2018,9:00p,Portland Trail Blazers,Dallas Mavericks,H
Tue Dec 25 2018,3:00p,Houston Rockets,Oklahoma City Thunder,H
Tue Dec 25 2018,5:30p,Boston Celtics,Philadelphia 76ers,H
Tue Dec 25 2018,10:30p,Utah Jazz,Portland Trail Blazers,H
Wed Dec 26 2018,7:00p,Detroit Pistons,Washington Wizards,H
Wed Dec 26 2018,7:30p,Brooklyn Nets,Charlotte Hornets,H
Wed Dec 26 2018,8:00p,Memphis Grizzlies,Cleveland Cavaliers,H
Wed Dec 26 2018,8:30p,Dallas Mavericks,New Orleans Pelicans,H
Wed Dec 26 2018,8:30p,San Antonio Spurs,Denver Nuggets,H
Wed Dec 26 2018,10:30p,Los Angeles Clippers,Sacramento Kings,H
Thu Dec 27 2018,8:00p,Houston Rockets,Boston Celtics,H
Thu Dec 27 2018,8:00p,Milwaukee Bucks,New York Knicks,H
Thu Dec 27 2018,10:00p,Sacramento Kings,Los Angeles Lakers,H
Fri Dec 28 2018,7:00p,Charlotte Hornets,Brooklyn Nets,H
Fri Dec 28 2018,7:00p,Indiana Pacers,Detroit Pistons,H
Fri Dec 28 2018,7:00p,Orlando Magic,Toronto Raptors,H
Fri Dec 28 2018,8:00p,Miami Heat,Cleveland Cavaliers,H
Fri Dec 28 2018,8:00p,New Orleans Pelicans,Dallas Mavericks,H
Fri Dec 28 2018,9:00p,Denver Nuggets,San Antonio Spurs,H
Sat Dec 29 2018,5:00p,Milwaukee Bucks,Brooklyn Nets,H
Sat Dec 29 2018,7:00p,Washington Wizards,Charlotte Hornets,H
Sat Dec 29 2018,7:30p,Atlanta Hawks,Cleveland Cavaliers,H
Sat Dec 29 2018,8:00p,Utah Jazz,New York Knicks,H
Sun Dec 30 2018,3:30p,Orlando Magic,Detroit Pistons,H
Sun Dec 30 2018,6:00p,Toronto Raptors,Chicago Bulls,H
Sun Dec 30 2018,7:00p,Dallas Mavericks,Oklahoma City Thunder,H
Sun Dec 30 2018,9:00p,Portland Trail Blazers,Philadelphia 76ers,H
Sun Dec 30 2018,9:30p,Los Angeles Lakers,Sacramento Kings,H
Mon Dec 31 2018,3:00p,Indiana Pacers,Atlanta Hawks,H
Mon Dec 31 2018,6:00p,Charlotte Hornets,Orlando Magic,H
Mon Dec 31 2018,7:00p,Houston Rockets,Memphis Grizzlies,H
Mon Dec 31 2018,7:00p,San Antonio Spurs,Boston Celtics,H
Mon Dec 31 2018,8:00p,New Orleans Pelicans,Minnesota Timberwolves,H
Mon Dec 31 2018,8:00p,Oklahoma City Thunder,Dallas Mavericks,H
Tue Jan 1 2019,7:30p,Toronto Raptors,Utah Jazz,H
Tue Jan 1 2019,8:00p,Milwaukee Bucks,Detroit Pistons,H
Tue Jan 1 2019,9:00p,Denver Nuggets,New York Knicks,H
Wed Jan 2 2019,7:00p,Washington Wizards,Atlanta Hawks,H
Wed Jan 2 2019,7:30p,Brooklyn Nets,New Orleans Pelicans,H
Wed Jan 2 2019,8:00p,Boston Celtics,Minnesota Timberwolves,H
Thu Jan 3 2019,8:00p,San Antonio Spurs,Toronto Raptors,H
Fri Jan 4 2019,8:00p,Boston Celtics,Dallas Mavericks,H
Fri Jan 4 2019,8:00p,Miami Heat,Washington Wizards,H
Fri Jan 4 2019,8:00p,Minnesota Timberwolves,Orlando Magic,H
Fri Jan 4 2019,8:30p,Milwaukee Bucks,Atlanta Hawks,H
Sat Jan 5 2019,5:00p,Denver Nuggets,Charlotte Hornets,H
Sat Jan 5 2019,7:30p,Philadelphia 76ers,Dallas Mavericks,H
Sat Jan 5 2019,8:30p,San Antonio Spurs,Memphis Grizzlies,H
Sat Jan 5 2019,10:00p,Portland Trail Blazers,Houston Rockets,H
Sun Jan 6 2019,3:30p,Los Angeles Clippers,Orlando Magic,H
Sun Jan 6 2019,3:30p,Minnesota Timberwolves,Los Angeles Lakers,H
Sun Jan 6 2019,6:00p,Atlanta Hawks,Miami Heat,H
Sun Jan 6 2019,7:30p,Toronto Raptors,Indiana Pacers,H
Mon Jan 7 2019,7:30p,Boston Celtics,Brooklyn Nets,H
Mon Jan 7 2019,8:00p,Houston Rockets,Denver Nuggets,H
Mon Jan 7 2019,8:00p,Milwaukee Bucks,Utah Jazz,H
Mon Jan 7 2019,8:00p,New Orleans Pelicans,Memphis Grizzlies,H
Mon Jan 7 2019,10:00p,Portland Trail Blazers,New York Knicks,H
Mon Jan 7 2019,10:00p,Sacramento Kings,Orlando Magic,H
Tue Jan 8 2019,7:00p,Philadelphia 76ers,Washington Wizards,H
Tue Jan 8 2019,7:30p,Toronto Raptors,Atlanta Hawks,H
Tue Jan 8 2019,9:00p,Phoenix Suns,Sacramento Kings,H
Tue Jan 8 2019,10:30p,Golden State Warriors,New York Knicks,H
Tue Jan 8 2019,10:30p,Los Angeles Clippers,Charlotte Hornets,H
Wed Jan 9 2019,7:00p,Boston Celtics,Indiana Pacers,H
Wed Jan 9 2019,7:00p,Washington Wizards,Philadelphia 76ers,H
Wed Jan 9 2019,7:30p,Brooklyn Nets,Atlanta Hawks,H
Wed Jan 9 2019,8:00p,Memphis Grizzlies,San Antonio Spurs,H
Wed Jan 9 2019,8:00p,New Orleans Pelicans,Cleveland Cavaliers,H
Wed Jan 9 2019,8:30p,Dallas Mavericks,Phoenix Suns,H
Wed Jan 9 2019,9:00p,Utah Jazz,Orlando Magic,H
Wed Jan 9 2019,10:00p,Portland Trail Blazers,Chicago Bulls,H
Wed Jan 9 2019,10:30p,Los Angeles Lakers,Detroit Pistons,H
Thu Jan 10 2019,7:00p,Miami Heat,Boston Celtics,H
Thu Jan 10 2019,9:00p,Denver Nuggets,Los Angeles Clippers,H
Thu Jan 10 2019,9:30p,San Antonio Spurs,Oklahoma City Thunder,H
Thu Jan 10 2019,10:00p,Sacramento Kings,Detroit Pistons,H
Fri Jan 11 2019,7:00p,Washington Wizards,Milwaukee Bucks,H
Fri Jan 11 2019,7:30p,Toronto Raptors,Brooklyn Nets,H
Fri Jan 11 2019,8:00p,Houston Rockets,Cleveland Cavaliers,H
Fri Jan 11 2019,10:00p,Portland Trail Blazers,Charlotte Hornets,H
Fri Jan 11 2019,10:00p,Utah Jazz,Los Angeles Lakers,H
Fri Jan 11 2019,10:30p,Golden State Warriors,Chicago Bulls,H
Sat Jan 12 2019,5:00p,Miami Heat,Memphis Grizzlies,H
Sat Jan 12 2019,7:00p,Orlando Magic,Boston Celtics,H
Sat Jan 12 2019,8:00p,Minnesota Timberwolves,New Orleans Pelicans,H
Sat Jan 12 2019,8:00p,Oklahoma City Thunder,San Antonio Spurs,H
Sat Jan 12 2019,9:00p,Phoenix Suns,Denver Nuggets,H
Sat Jan 12 2019,10:00p,Sacramento Kings,Charlotte Hornets,H
Sat Jan 12 2019,10:00p,Utah Jazz,Chicago Bulls,H
Sun Jan 13 2019,6:00p,Orlando Magic,Houston Rockets,H
Sun Jan 13 2019,8:00p,Denver Nuggets,Portland Trail Blazers,H
Mon Jan 14 2019,7:30p,Brooklyn Nets,Boston Celtics,H
Mon Jan 14 2019,8:00p,Houston Rockets,Memphis Grizzlies,H
Mon Jan 14 2019,9:00p,Utah Jazz,Detroit Pistons,H
Mon Jan 14 2019,10:00p,Sacramento Kings,Portland Trail Blazers,H
Tue Jan 15 2019,7:00p,Indiana Pacers,Phoenix Suns,H
Tue Jan 15 2019,7:00p,Philadelphia 76ers,Minnesota Timberwolves,H
Tue Jan 15 2019,7:30p,Atlanta Hawks,Oklahoma City Thunder,H
Tue Jan 15 2019,8:00p,Milwaukee Bucks,Miami Heat,H
Tue Jan 15 2019,10:30p,Los Angeles Lakers,Chicago Bulls,H
Wed Jan 16 2019,7:00p,Detroit Pistons,Orlando Magic,H
Wed Jan 16 2019,8:00p,Boston Celtics,Toronto Raptors,H
Wed Jan 16 2019,10:00p,Portland Trail Blazers,Cleveland Cavaliers,H
Wed Jan 16 2019,10:30p,Golden State Warriors,New Orleans Pelicans,H
Thu Jan 17 2019,3:00p,Washington Wizards,New York Knicks,H
Thu Jan 17 2019,7:00p,Charlotte Hornets,Sacramento Kings,H
Thu Jan 17 2019,7:30p,Toronto Raptors,Phoenix Suns,H
Thu Jan 17 2019,9:00p,Denver Nuggets,Chicago Bulls,H
Fri Jan 18 2019,7:00p,Boston Celtics,Memphis Grizzlies,H
Fri Jan 18 2019,7:00p,Detroit Pistons,Miami Heat,H
Fri Jan 18 2019,9:00p,Utah Jazz,Cleveland Cavaliers,H
Fri Jan 18 2019,10:30p,Portland Trail Blazers,New Orleans Pelicans,H
Sat Jan 19 2019,5:00p,Charlotte Hornets,Phoenix Suns,H
Sat Jan 19 2019,7:00p,Indiana Pacers,Dallas Mavericks,H
Sat Jan 19 2019,7:30p,Toronto Raptors,Memphis Grizzlies,H
Sat Jan 19 2019,8:30p,Houston Rockets,Los Angeles Lakers,H
Sat Jan 19 2019,10:00p,Denver Nuggets,Cleveland Cavaliers,H
Sun Jan 20 2019,6:00p,Indiana Pacers,Charlotte Hornets,H
Sun Jan 20 2019,7:00p,Minnesota Timberwolves,Phoenix Suns,H
Mon Jan 21 2019,2:00p,Milwaukee Bucks,Dallas Mavericks,H
Mon Jan 21 2019,2:00p,Washington Wizards,Detroit Pistons,H
Mon Jan 21 2019,3:30p,Brooklyn Nets,Sacramento Kings,H
Mon Jan 21 2019,6:00p,Boston Celtics,Miami Heat,H
Mon Jan 21 2019,8:00p,Philadelphia 76ers,Houston Rockets,H
Tue Jan 22 2019,7:00p,Toronto Raptors,Sacramento Kings,H
Tue Jan 22 2019,8:00p,Oklahoma City Thunder,Portland Trail Blazers,H
Tue Jan 22 2019,8:30p,Dallas Mavericks,Los Angeles Clippers,H
Wed Jan 23 2019,7:00p,Indiana Pacers,Toronto Raptors,H
Wed Jan 23 2019,7:30p,Boston Celtics,Cleveland Cavaliers,H
Wed Jan 23 2019,7:30p,Brooklyn Nets,Orlando Magic,H
Wed Jan 23 2019,8:00p,Philadelphia 76ers,San Antonio Spurs,H
Wed Jan 23 2019,10:30p,Utah Jazz,Denver Nuggets,H
Thu Jan 24 2019,8:00p,Oklahoma City Thunder,New Orleans Pelicans,H
Fri Jan 25 2019,7:30p,Brooklyn Nets,New York Knicks,H
Fri Jan 25 2019,8:00p,Houston Rockets,Toronto Raptors,H
Fri Jan 25 2019,8:30p,Dallas Mavericks,Detroit Pistons,H
Fri Jan 25 2019,8:30p,Milwaukee Bucks,Charlotte Hornets,H
Fri Jan 25 2019,9:00p,Denver Nuggets,Phoenix Suns,H
Fri Jan 25 2019,9:00p,Utah Jazz,Minnesota Timberwolves,H
Sat Jan 26 2019,8:00p,Memphis Grizzlies,Indiana Pacers,H
Sat Jan 26 2019,9:00p,Denver Nuggets,Philadelphia 76ers,H
Sat Jan 26 2019,10:00p,Portland Trail Blazers,Atlanta Hawks,H
Sun Jan 27 2019,3:30p,Los Angeles Clippers,Sacramento Kings,H
Sun Jan 27 2019,6:00p,Oklahoma City Thunder,Milwaukee Bucks,H
Sun Jan 27 2019,7:00p,Houston Rockets,Orlando Magic,H
Sun Jan 27 2019,7:00p,San Antonio Spurs,Washington Wizards,H
Sun Jan 27 2019,9:30p,Los Angeles Lakers,Phoenix Suns,H
Mon Jan 28 2019,7:00p,Charlotte Hornets,New York Knicks,H
Mon Jan 28 2019,7:30p,Boston Celtics,Brooklyn Nets,H
Tue Jan 29 2019,7:00p,Cleveland Cavaliers,Washington Wizards,H
Tue Jan 29 2019,7:30p,Brooklyn Nets,Chicago Bulls,H
Tue Jan 29 2019,8:30p,San Antonio Spurs,Phoenix Suns,H
Wed Jan 30 2019,7:30p,Boston Celtics,Charlotte Hornets,H
Wed Jan 30 2019,8:00p,Minnesota Timberwolves,Memphis Grizzlies,H
Wed Jan 30 2019,8:00p,Washington Wizards,Indiana Pacers,H
Wed Jan 30 2019,10:00p,Sacramento Kings,Atlanta Hawks,H
Wed Jan 30 2019,10:30p,Portland Trail Blazers,Utah Jazz,H
Thu Jan 31 2019,7:00p,Detroit Pistons,Dallas Mavericks,H
Thu Jan 31 2019,7:00p,Orlando Magic,Indiana Pacers,H
Thu Jan 31 2019,8:30p,San Antonio Spurs,Brooklyn Nets,H
Fri Feb 1 2019,7:00p,Charlotte Hornets,Memphis Grizzlies,H
Fri Feb 1 2019,9:00p,Utah Jazz,Atlanta Hawks,H
Fri Feb 1 2019,10:00p,Denver Nuggets,Houston Rockets,H
Sat Feb 2 2019,7:00p,Charlotte Hornets,Chicago Bulls,H
Sat Feb 2 2019,7:00p,Orlando Magic,Brooklyn Nets,H
Sat Feb 2 2019,8:30p,Golden State Warriors,Los Angeles Lakers,H
Sat Feb 2 2019,8:30p,San Antonio Spurs,New Orleans Pelicans,H
Sat Feb 2 2019,10:00p,Sacramento Kings,Philadelphia 76ers,H
Sun Feb 3 2019,2:00p,Boston Celtics,Oklahoma City Thunder,H
Sun Feb 3 2019,3:00p,Toronto Raptors,Los Angeles Clippers,H
Mon Feb 4 2019,7:00p,Detroit Pistons,Denver Nuggets,H
Mon Feb 4 2019,10:00p,Sacramento Kings,San Antonio Spurs,H
Tue Feb 5 2019,7:00p,Indiana Pacers,Los Angeles Lakers,H
Tue Feb 5 2019,8:00p,Memphis Grizzlies,Minnesota Timberwolves,H
Tue Feb 5 2019,8:00p,Oklahoma City Thunder,Orlando Magic,H
Wed Feb 6 2019,7:30p,Brooklyn Nets,Denver Nuggets,H
Wed Feb 6 2019,8:00p,Milwaukee Bucks,Washington Wizards,H
Wed Feb 6 2019,8:30p,Dallas Mavericks,Charlotte Hornets,H
Wed Feb 6 2019,9:00p,Utah Jazz,Phoenix Suns,H
Wed Feb 6 2019,10:30p,Golden State Warriors,San Antonio Spurs,H
Thu Feb 7 2019,7:00p,Indiana Pacers,Los Angeles Clippers,H
Thu Feb 7 2019,7:00p,Orlando Magic,Minnesota Timberwolves,H
Thu Feb 7 2019,8:00p,Oklahoma City Thunder,Memphis Grizzlies,H
Thu Feb 7 2019,10:30p,Portland Trail Blazers,San Antonio Spurs,H
Fri Feb 8 2019,7:00p,Detroit Pistons,New York Knicks,H
Fri Feb 8 2019,7:00p,Philadelphia 76ers,Denver Nuggets,H
Fri Feb 8 2019,7:00p,Washington Wizards,Cleveland Cavaliers,H
Fri Feb 8 2019,9:30p,New Orleans Pelicans,Minnesota Timberwolves,H
Fri Feb 8 2019,10:00p,Sacramento Kings,Miami Heat,H
Sat Feb 9 2019,5:00p,Utah Jazz,San Antonio Spurs,H
Sat Feb 9 2019,7:00p,Indiana Pacers,Cleveland Cavaliers,H
Sat Feb 9 2019,8:00p,Memphis Grizzlies,New Orleans Pelicans,H
Sun Feb 10 2019,3:00p,Dallas Mavericks,Portland Trail Blazers,H
Sun Feb 10 2019,3:30p,Philadelphia 76ers,Los Angeles Lakers,H
Sun Feb 10 2019,6:00p,Sacramento Kings,Phoenix Suns,H
Sun Feb 10 2019,8:30p,Golden State Warriors,Miami Heat,H
Mon Feb 11 2019,7:00p,Cleveland Cavaliers,New York Knicks,H
Mon Feb 11 2019,7:00p,Detroit Pistons,Washington Wizards,H
Mon Feb 11 2019,7:00p,Indiana Pacers,Charlotte Hornets,H
Mon Feb 11 2019,7:30p,Toronto Raptors,Brooklyn Nets,H
Mon Feb 11 2019,8:00p,Houston Rockets,Dallas Mavericks,H
Mon Feb 11 2019,8:00p,Minnesota Timberwolves,Los Angeles Clippers,H
Mon Feb 11 2019,8:00p,Oklahoma City Thunder,Portland Trail Blazers,H
Mon Feb 11 2019,9:00p,Denver Nuggets,Miami Heat,H
Tue Feb 12 2019,7:30p,Atlanta Hawks,Los Angeles Lakers,H
Tue Feb 12 2019,10:30p,Golden State Warriors,Utah Jazz,H
Wed Feb 13 2019,7:30p,Boston Celtics,Detroit Pistons,H
Wed Feb 13 2019,7:30p,Toronto Raptors,Washington Wizards,H
Wed Feb 13 2019,8:00p,Chicago Bulls,Memphis Grizzlies,H
Wed Feb 13 2019,8:00p,Minnesota Timberwolves,Houston Rockets,H
Wed Feb 13 2019,9:00p,Denver Nuggets,Sacramento Kings,H
Wed Feb 13 2019,10:30p,Los Angeles Clippers,Phoenix Suns,H
Wed Feb 13 2019,10:30p,Portland Trail Blazers,Golden State Warriors,H
Thu Feb 14 2019,7:00p,Orlando Magic,Charlotte Hornets,H
Thu Feb 14 2019,8:00p,New Orleans Pelicans,Oklahoma City Thunder,H
Thu Feb 21 2019,7:00p,Cleveland Cavaliers,Phoenix Suns,H
Thu Feb 21 2019,7:00p,Philadelphia 76ers,Miami Heat,H
Thu Feb 21 2019,8:00p,Milwaukee Bucks,Boston Celtics,H
Thu Feb 21 2019,10:30p,Golden State Warriors,Sacramento Kings,H
Thu Feb 21 2019,10:30p,Los Angeles Lakers,Houston Rockets,H
Fri Feb 22 2019,7:00p,Charlotte Hornets,Washington Wizards,H
Fri Feb 22 2019,7:00p,Indiana Pacers,New Orleans Pelicans,H
Fri Feb 22 2019,7:00p,Toronto Raptors,San Antonio Spurs,H
Fri Feb 22 2019,9:30p,Oklahoma City Thunder,Utah Jazz,H
Sat Feb 23 2019,7:00p,Atlanta Hawks,Phoenix Suns,H
Sat Feb 23 2019,7:00p,Cleveland Cavaliers,Memphis Grizzlies,H
Sat Feb 23 2019,7:00p,New Orleans Pelicans,Los Angeles Lakers,H
Sat Feb 23 2019,8:00p,Chicago Bulls,Boston Celtics,H
Sat Feb 23 2019,8:30p,Milwaukee Bucks,Minnesota Timberwolves,H
Sat Feb 23 2019,10:00p,Utah Jazz,Dallas Mavericks,H
Sun Feb 24 2019,5:00p,Denver Nuggets,Los Angeles Clippers,H
Sun Feb 24 2019,7:30p,New York Knicks,San Antonio Spurs,H
Mon Feb 25 2019,7:00p,Detroit Pistons,Indiana Pacers,H
Mon Feb 25 2019,7:30p,Brooklyn Nets,San Antonio Spurs,H
Mon Feb 25 2019,8:00p,Houston Rockets,Atlanta Hawks,H
Mon Feb 25 2019,8:00p,Memphis Grizzlies,Los Angeles Lakers,H
Mon Feb 25 2019,8:00p,Minnesota Timberwolves,Sacramento Kings,H
Mon Feb 25 2019,10:30p,Los Angeles Clippers,Dallas Mavericks,H
Tue Feb 26 2019,7:30p,New York Knicks,Orlando Magic,H
Tue Feb 26 2019,8:00p,Toronto Raptors,Boston Celtics,H
Tue Feb 26 2019,10:30p,Denver Nuggets,Oklahoma City Thunder,H
Wed Feb 27 2019,7:30p,Atlanta Hawks,Minnesota Timberwolves,H
Wed Feb 27 2019,7:30p,Miami Heat,Golden State Warriors,H
Wed Feb 27 2019,8:30p,Dallas Mavericks,Indiana Pacers,H
Wed Feb 27 2019,8:30p,San Antonio Spurs,Detroit Pistons,H
Wed Feb 27 2019,9:00p,Utah Jazz,Los Angeles Clippers,H
Wed Feb 27 2019,10:30p,Los Angeles Lakers,New Orleans Pelicans,H
Thu Feb 28 2019,7:00p,Indiana Pacers,Minnesota Timberwolves,H
Thu Feb 28 2019,7:00p,Orlando Magic,Golden State Warriors,H
Thu Feb 28 2019,8:00p,Houston Rockets,Miami Heat,H
Fri Mar 1 2019,8:00p,Boston Celtics,Washington Wizards,H
Fri Mar 1 2019,8:00p,Toronto Raptors,Portland Trail Blazers,H
Sat Mar 2 2019,7:30p,Miami Heat,Brooklyn Nets,H
Sat Mar 2 2019,8:30p,San Antonio Spurs,Oklahoma City Thunder,H
Sat Mar 2 2019,9:00p,Phoenix Suns,Los Angeles Lakers,H
Sat Mar 2 2019,9:00p,Utah Jazz,Milwaukee Bucks,H
Sun Mar 3 2019,3:30p,Los Angeles Clippers,New York Knicks,H
Sun Mar 3 2019,6:00p,Cleveland Cavaliers,Orlando Magic,H
Sun Mar 3 2019,6:00p,Detroit Pistons,Toronto Raptors,H
Sun Mar 3 2019,6:00p,Washington Wizards,Minnesota Timberwolves,H
Sun Mar 3 2019,7:00p,Oklahoma City Thunder,Memphis Grizzlies,H
Mon Mar 4 2019,7:30p,Brooklyn Nets,Dallas Mavericks,H
Mon Mar 4 2019,7:30p,Miami Heat,Atlanta Hawks,H
Mon Mar 4 2019,8:30p,San Antonio Spurs,Denver Nuggets,H
Mon Mar 4 2019,9:00p,Phoenix Suns,Milwaukee Bucks,H
Mon Mar 4 2019,10:00p,Sacramento Kings,New York Knicks,H
Tue Mar 5 2019,7:00p,Indiana Pacers,Chicago Bulls,H
Tue Mar 5 2019,7:00p,Philadelphia 76ers,Orlando Magic,H
Tue Mar 5 2019,8:00p,Memphis Grizzlies,Portland Trail Blazers,H
Tue Mar 5 2019,8:00p,Minnesota Timberwolves,Oklahoma City Thunder,H
Wed Mar 6 2019,7:00p,Detroit Pistons,Minnesota Timberwolves,H
Wed Mar 6 2019,7:00p,Washington Wizards,Dallas Mavericks,H
Wed Mar 6 2019,7:30p,Brooklyn Nets,Cleveland Cavaliers,H
Wed Mar 6 2019,8:00p,Chicago Bulls,Philadelphia 76ers,H
Wed Mar 6 2019,9:00p,Phoenix Suns,New York Knicks,H
Thu Mar 7 2019,8:00p,Milwaukee Bucks,Indiana Pacers,H
Fri Mar 8 2019,7:00p,Charlotte Hornets,Washington Wizards,H
Fri Mar 8 2019,7:00p,Orlando Magic,Dallas Mavericks,H
Fri Mar 8 2019,8:00p,Houston Rockets,Philadelphia 76ers,H
Fri Mar 8 2019,8:00p,Memphis Grizzlies,Utah Jazz,H
Fri Mar 8 2019,8:00p,Miami Heat,Cleveland Cavaliers,H
Fri Mar 8 2019,10:30p,Golden State Warriors,Denver Nuggets,H
Fri Mar 8 2019,10:30p,Los Angeles Clippers,Oklahoma City Thunder,H
Sat Mar 9 2019,8:00p,Minnesota Timberwolves,Washington Wizards,H
Sat Mar 9 2019,9:00p,Milwaukee Bucks,Charlotte Hornets,H
Sat Mar 9 2019,10:00p,Portland Trail Blazers,Phoenix Suns,H
Sun Mar 10 2019,12:00p,Detroit Pistons,Chicago Bulls,H
Sun Mar 10 2019,3:30p,Philadelphia 76ers,Indiana Pacers,H
Sun Mar 10 2019,6:00p,Atlanta Hawks,New Orleans Pelicans,H
Sun Mar 10 2019,6:00p,Memphis Grizzlies,Orlando Magic,H
Sun Mar 10 2019,8:00p,Minnesota Timberwolves,New York Knicks,H
Sun Mar 10 2019,8:00p,San Antonio Spurs,Milwaukee Bucks,H
Mon Mar 11 2019,7:00p,Cleveland Cavaliers,Toronto Raptors,H
Mon Mar 11 2019,7:00p,Washington Wizards,Sacramento Kings,H
Mon Mar 11 2019,7:30p,Brooklyn Nets,Detroit Pistons,H
Mon Mar 11 2019,8:00p,Houston Rockets,Charlotte Hornets,H
Mon Mar 11 2019,10:30p,Los Angeles Clippers,Boston Celtics,H
Tue Mar 12 2019,7:00p,Indiana Pacers,New York Knicks,H
Tue Mar 12 2019,7:00p,Philadelphia 76ers,Cleveland Cavaliers,H
Tue Mar 12 2019,10:30p,Denver Nuggets,Minnesota Timberwolves,H
Wed Mar 13 2019,7:00p,Oklahoma City Thunder,Brooklyn Nets,H
Wed Mar 13 2019,7:00p,Washington Wizards,Orlando Magic,H
Wed Mar 13 2019,7:30p,Atlanta Hawks,Memphis Grizzlies,H
Wed Mar 13 2019,7:30p,Miami Heat,Detroit Pistons,H
Thu Mar 14 2019,7:00p,Indiana Pacers,Oklahoma City Thunder,H
Thu Mar 14 2019,7:00p,Orlando Magic,Cleveland Cavaliers,H
Thu Mar 14 2019,7:30p,Boston Celtics,Sacramento Kings,H
Thu Mar 14 2019,8:00p,Toronto Raptors,Los Angeles Lakers,H
Thu Mar 14 2019,9:00p,Utah Jazz,Minnesota Timberwolves,H
Thu Mar 14 2019,10:30p,Denver Nuggets,Dallas Mavericks,H
Fri Mar 15 2019,7:00p,Detroit Pistons,Los Angeles Lakers,H
Fri Mar 15 2019,7:00p,Philadelphia 76ers,Sacramento Kings,H
Fri Mar 15 2019,8:00p,Houston Rockets,Phoenix Suns,H
Fri Mar 15 2019,8:30p,San Antonio Spurs,New York Knicks,H
Fri Mar 15 2019,10:30p,Los Angeles Clippers,Chicago Bulls,H
Sat Mar 16 2019,12:30p,Boston Celtics,Atlanta Hawks,H
Sat Mar 16 2019,7:00p,Washington Wizards,Memphis Grizzlies,H
Sat Mar 16 2019,8:30p,Dallas Mavericks,Cleveland Cavaliers,H
Sat Mar 16 2019,8:30p,San Antonio Spurs,Portland Trail Blazers,H
Sat Mar 16 2019,9:00p,Denver Nuggets,Indiana Pacers,H
Sat Mar 16 2019,9:00p,Utah Jazz,Brooklyn Nets,H
Sun Mar 17 2019,12:00p,New York Knicks,Los Angeles Lakers,H
Sun Mar 17 2019,1:00p,Miami Heat,Charlotte Hornets,H
Sun Mar 17 2019,4:00p,Detroit Pistons,Toronto Raptors,H
Sun Mar 17 2019,6:00p,Orlando Magic,Atlanta Hawks,H
Sun Mar 17 2019,6:00p,Sacramento Kings,Chicago Bulls,H
Sun Mar 17 2019,9:00p,Houston Rockets,Minnesota Timberwolves,H
Sun Mar 17 2019,9:00p,Los Angeles Clippers,Brooklyn Nets,H
Mon Mar 18 2019,7:00p,Cleveland Cavaliers,Detroit Pistons,H
Mon Mar 18 2019,7:30p,Toronto Raptors,New York Knicks,H
Mon Mar 18 2019,8:00p,San Antonio Spurs,Golden State Warriors,H
Mon Mar 18 2019,10:30p,Portland Trail Blazers,Indiana Pacers,H
Tue Mar 19 2019,8:00p,Milwaukee Bucks,Los Angeles Lakers,H
Tue Mar 19 2019,10:30p,Los Angeles Clippers,Indiana Pacers,H
Wed Mar 20 2019,7:00p,Cleveland Cavaliers,Milwaukee Bucks,H
Wed Mar 20 2019,7:00p,Orlando Magic,New Orleans Pelicans,H
Wed Mar 20 2019,7:00p,Philadelphia 76ers,Boston Celtics,H
Wed Mar 20 2019,8:00p,Chicago Bulls,Washington Wizards,H
Wed Mar 20 2019,8:00p,Memphis Grizzlies,Houston Rockets,H
Wed Mar 20 2019,10:00p,Portland Trail Blazers,Dallas Mavericks,H
Thu Mar 21 2019,7:00p,Charlotte Hornets,Minnesota Timberwolves,H
Thu Mar 21 2019,7:30p,Atlanta Hawks,Utah Jazz,H
Thu Mar 21 2019,10:00p,Sacramento Kings,Dallas Mavericks,H
Thu Mar 21 2019,10:30p,Golden State Warriors,Indiana Pacers,H
Fri Mar 22 2019,7:00p,Orlando Magic,Memphis Grizzlies,H
Fri Mar 22 2019,8:00p,Houston Rockets,San Antonio Spurs,H
Fri Mar 22 2019,8:30p,Milwaukee Bucks,Miami Heat,H
Sat Mar 23 2019,6:00p,Charlotte Hornets,Boston Celtics,H
Sat Mar 23 2019,7:30p,Atlanta Hawks,Philadelphia 76ers,H
Sat Mar 23 2019,10:00p,Portland Trail Blazers,Detroit Pistons,H
Sat Mar 23 2019,10:00p,Sacramento Kings,Phoenix Suns,H
Sun Mar 24 2019,4:30p,Milwaukee Bucks,Cleveland Cavaliers,H
Sun Mar 24 2019,5:00p,Indiana Pacers,Denver Nuggets,H
Sun Mar 24 2019,8:30p,Golden State Warriors,Detroit Pistons,H
Sun Mar 24 2019,9:30p,Los Angeles Lakers,Sacramento Kings,H
Mon Mar 25 2019,7:00p,Orlando Magic,Philadelphia 76ers,H
Mon Mar 25 2019,8:00p,Memphis Grizzlies,Oklahoma City Thunder,H
Mon Mar 25 2019,9:00p,Utah Jazz,Phoenix Suns,H
Mon Mar 25 2019,10:00p,Portland Trail Blazers,Brooklyn Nets,H
Tue Mar 26 2019,7:00p,Charlotte Hornets,San Antonio Spurs,H
Tue Mar 26 2019,7:30p,Toronto Raptors,Chicago Bulls,H
Tue Mar 26 2019,8:00p,Milwaukee Bucks,Houston Rockets,H
Tue Mar 26 2019,9:00p,Denver Nuggets,Detroit Pistons,H
Tue Mar 26 2019,10:30p,Los Angeles Lakers,Washington Wizards,H
Wed Mar 27 2019,8:00p,Oklahoma City Thunder,Indiana Pacers,H
Wed Mar 27 2019,10:30p,Utah Jazz,Los Angeles Lakers,H
Thu Mar 28 2019,7:00p,Detroit Pistons,Orlando Magic,H
Thu Mar 28 2019,7:00p,Philadelphia 76ers,Brooklyn Nets,H
Thu Mar 28 2019,7:30p,Miami Heat,Dallas Mavericks,H
Thu Mar 28 2019,8:00p,Houston Rockets,Denver Nuggets,H
Thu Mar 28 2019,8:00p,Milwaukee Bucks,Los Angeles Clippers,H
Thu Mar 28 2019,8:00p,New Orleans Pelicans,Sacramento Kings,H
Thu Mar 28 2019,8:30p,San Antonio Spurs,Cleveland Cavaliers,H
Fri Mar 29 2019,7:00p,Boston Celtics,Indiana Pacers,H
Fri Mar 29 2019,8:00p,Minnesota Timberwolves,Golden State Warriors,H
Fri Mar 29 2019,9:00p,Utah Jazz,Washington Wizards,H
Fri Mar 29 2019,10:30p,Los Angeles Lakers,Charlotte Hornets,H
Sat Mar 30 2019,3:30p,Los Angeles Clippers,Cleveland Cavaliers,H
Sat Mar 30 2019,6:00p,Brooklyn Nets,Boston Celtics,H
Sat Mar 30 2019,6:00p,Houston Rockets,Sacramento Kings,H
Sat Mar 30 2019,7:00p,Detroit Pistons,Portland Trail Blazers,H
Sun Mar 31 2019,12:30p,Atlanta Hawks,Milwaukee Bucks,H
Sun Mar 31 2019,8:30p,Golden State Warriors,Charlotte Hornets,H
Sun Mar 31 2019,10:30p,Los Angeles Clippers,Memphis Grizzlies,H
Mon Apr 1 2019,7:00p,Indiana Pacers,Detroit Pistons,H
Mon Apr 1 2019,7:30p,Boston Celtics,Miami Heat,H
Mon Apr 1 2019,7:30p,New York Knicks,Chicago Bulls,H
Mon Apr 1 2019,7:30p,Toronto Raptors,Orlando Magic,H
Mon Apr 1 2019,8:30p,Dallas Mavericks,Philadelphia 76ers,H
Mon Apr 1 2019,9:00p,Utah Jazz,Charlotte Hornets,H
Mon Apr 1 2019,10:00p,Phoenix Suns,Cleveland Cavaliers,H
Tue Apr 2 2019,8:00p,Oklahoma City Thunder,Los Angeles Lakers,H
Tue Apr 2 2019,8:30p,San Antonio Spurs,Atlanta Hawks,H
Tue Apr 2 2019,10:30p,Golden State Warriors,Denver Nuggets,H
Wed Apr 3 2019,7:00p,Orlando Magic,New York Knicks,H
Wed Apr 3 2019,7:30p,Atlanta Hawks,Philadelphia 76ers,H
Wed Apr 3 2019,9:00p,Denver Nuggets,San Antonio Spurs,H
Wed Apr 3 2019,10:00p,Portland Trail Blazers,Memphis Grizzlies,H
Thu Apr 4 2019,10:00p,Sacramento Kings,Cleveland Cavaliers,H
Fri Apr 5 2019,7:00p,Charlotte Hornets,Toronto Raptors,H
Fri Apr 5 2019,7:00p,Orlando Magic,Atlanta Hawks,H
Fri Apr 5 2019,8:00p,Houston Rockets,New York Knicks,H
Fri Apr 5 2019,8:00p,Minnesota Timberwolves,Miami Heat,H
Fri Apr 5 2019,8:00p,Oklahoma City Thunder,Detroit Pistons,H
Fri Apr 5 2019,9:00p,Utah Jazz,Sacramento Kings,H
Fri Apr 5 2019,10:00p,Phoenix Suns,New Orleans Pelicans,H
Fri Apr 5 2019,10:30p,Denver Nuggets,Portland Trail Blazers,H
Fri Apr 5 2019,10:30p,Golden State Warriors,Cleveland Cavaliers,H
Sun Apr 7 2019,12:00p,Toronto Raptors,Miami Heat,H
Sun Apr 7 2019,7:00p,Houston Rockets,Phoenix Suns,H
Sun Apr 7 2019,7:00p,Milwaukee Bucks,Atlanta Hawks,H
Sun Apr 7 2019,7:30p,New York Knicks,Washington Wizards,H
Sun Apr 7 2019,8:30p,Golden State Warriors,Los Angeles Clippers,H
Sun Apr 7 2019,9:00p,Portland Trail Blazers,Denver Nuggets,H
Sun Apr 7 2019,9:30p,Los Angeles Lakers,Utah Jazz,H
Tue Apr 9 2019,7:00p,Detroit Pistons,Memphis Grizzlies,H
Tue Apr 9 2019,7:30p,Miami Heat,Philadelphia 76ers,H
Tue Apr 9 2019,8:30p,Dallas Mavericks,Phoenix Suns,H
Tue Apr 9 2019,9:00p,Utah Jazz,Denver Nuggets,H
Tue Apr 9 2019,9:30p,Oklahoma City Thunder,Houston Rockets,H
Wed Apr 10 2019,8:00p,Brooklyn Nets,Miami Heat,H
Wed Apr 10 2019,8:00p,Memphis Grizzlies,Golden State Warriors,H
Wed Apr 10 2019,8:00p,Philadelphia 76ers,Chicago Bulls,H
Wed Apr 10 2019,8:00p,San Antonio Spurs,Dallas Mavericks,H
Wed Apr 10 2019,10:30p,Denver Nuggets,Minnesota Timberwolves,H
Wed Apr 10 2019,10:30p,Los Angeles Clippers,Utah Jazz,H
Wed Apr 10 2019,10:30p,Portland Trail Blazers,Sacramento Kings,H
Sat Apr 13 2019,8:00p,Golden State Warriors,Los Angeles Clippers,H
Sun Apr 14 2019,1:00p,Boston Celtics,Indiana Pacers,H
Sun Apr 14 2019,3:30p,Portland Trail Blazers,Oklahoma City Thunder,H
Sun Apr 14 2019,7:00p,Milwaukee Bucks,Detroit Pistons,H
Sun Apr 14 2019,9:30p,Houston Rockets,Utah Jazz,H
Mon Apr 15 2019,8:00p,Philadelphia 76ers,Brooklyn Nets,H
Tue Apr 16 2019,8:00p,Toronto Raptors,Orlando Magic,H
Tue Apr 16 2019,9:00p,Denver Nuggets,San Antonio Spurs,H
Tue Apr 16 2019,10:30p,Portland Trail Blazers,Oklahoma City Thunder,H
Wed Apr 17 2019,7:00p,Boston Celtics,Indiana Pacers,H
Wed Apr 17 2019,8:00p,Milwaukee Bucks,Detroit Pistons,H
Wed Apr 17 2019,9:30p,Houston Rockets,Utah Jazz,H
Thu Apr 18 2019,9:00p,San Antonio Spurs,Denver Nuggets,H
Fri Apr 19 2019,9:30p,Oklahoma City Thunder,Portland Trail Blazers,H
Mon Apr 22 2019,10:30p,Utah Jazz,Houston Rockets,H
Tue Apr 23 2019,7:00p,Toronto Raptors,Orlando Magic,H
Tue Apr 23 2019,8:00p,Philadelphia 76ers,Brooklyn Nets,H
Tue Apr 23 2019,9:30p,Denver Nuggets,San Antonio Spurs,H
Tue Apr 23 2019,10:30p,Portland Trail Blazers,Oklahoma City Thunder,H
Wed Apr 24 2019,8:00p,Houston Rockets,Utah Jazz,H
Thu Apr 25 2019,8:00p,San Antonio Spurs,Denver Nuggets,H
Sat Apr 27 2019,7:30p,Toronto Raptors,Philadelphia 76ers,H
Sat Apr 27 2019,10:00p,Denver Nuggets,San Antonio Spurs,H
Sun Apr 28 2019,3:30p,Golden State Warriors,Houston Rockets,H
Mon Apr 29 2019,10:30p,Denver Nuggets,Portland Trail Blazers,H
Tue Apr 30 2019,8:00p,Milwaukee Bucks,Boston Celtics,H
Tue Apr 30 2019,10:30p,Golden State Warriors,Houston Rockets,H
Thu May 2 2019,8:00p,Philadelphia 76ers,Toronto Raptors,H
Fri May 3 2019,10:30p,Portland Trail Blazers,Denver Nuggets,H
Sat May 4 2019,8:30p,Houston Rockets,Golden State Warriors,H
Mon May 6 2019,9:30p,Houston Rockets,Golden State Warriors,H
Tue May 7 2019,8:00p,Toronto Raptors,Philadelphia 76ers,H
Tue May 7 2019,10:30p,Denver Nuggets,Portland Trail Blazers,H
Wed May 8 2019,8:00p,Milwaukee Bucks,Boston Celtics,H
Wed May 8 2019,10:30p,Golden State Warriors,Houston Rockets,H
Thu May 9 2019,8:00p,Philadelphia 76ers,Toronto Raptors,H
Thu May 9 2019,10:30p,Portland Trail Blazers,Denver Nuggets,H
Sun May 12 2019,7:00p,Toronto Raptors,Philadelphia 76ers,H
Tue May 14 2019,9:00p,Golden State Warriors,Portland Trail Blazers,H
Wed May 15 2019,8:30p,Milwaukee Bucks,Toronto Raptors,H
Thu May 16 2019,9:00p,Golden State Warriors,Portland Trail Blazers,H
Fri May 17 2019,8:30p,Milwaukee Bucks,Toronto Raptors,H
Sun May 19 2019,7:00p,Toronto Raptors,Milwaukee Bucks,H
Tue May 21 2019,8:30p,Toronto Raptors,Milwaukee Bucks,H
Sat May 25 2019,8:30p,Toronto Raptors,Milwaukee Bucks,H
Thu May 30 2019,9:00p,Toronto Raptors,Golden State Warriors,H
